team_abbr,season,points,opponent_points,point_diff,fg_pct,fg3_pct,ft_pct,rebounds,assists,steals,blocks,turnovers,fouls,recent_5_win_pct,recent_5_avg_points,recent_5_avg_points_allowed,home_win_pct,away_win_pct,point_diff_avg,offensive_rating,defensive_rating,net_rating,effective_fg_pct,true_shooting_pct,pace,games_played,wins,total_games,season_win_pct
ATL,2019-20,104.6829268292683,106.2439024390244,-1.5609756097560976,0.4597073170731707,0.37421951219512195,0.7605121951219512,42.926829268292686,23.536585365853657,8.21951219512195,5.121951219512195,13.975609756097562,20.48780487804878,0.4313008130081301,103.72317073170731,105.869918699187,0.2977449705730684,0.11522011071395652,-3.8302077743337515,167.11446901464396,168.86964132544196,-1.755172310797987,0.540610150153745,0.5653485500794128,134.45934959349592,41,18,41,0.43902439024390244
ATL,2020-21,105.95,104.55,1.4,0.4641,0.376975,0.75275,41.275,23.525,7.875,5.3,13.775,20.0,0.5850000000000001,105.965,104.37,0.2297665528915529,0.33375617947994785,1.2118525259306712,165.25017518535975,161.97005762226385,3.280117563095909,0.5474567734200411,0.5760285778679224,135.78541666666666,40,23,40,0.575
ATL,2021-22,107.1219512195122,101.51219512195122,5.609756097560975,0.4640975609756097,0.37641463414634146,0.7568292682926829,41.21951219512195,23.341463414634145,8.951219512195122,5.073170731707317,13.414634146341463,19.926829268292682,0.6048780487804878,107.39999999999999,101.73658536585366,0.3285884349191379,0.3129038911270049,7.182201103538629,170.43408474087695,161.7919928653483,8.642091875528637,0.5633144618641601,0.5856969566386777,133.6219512195122,41,25,41,0.6097560975609756
ATL,2022-23,101.97560975609755,105.48780487804878,-3.5121951219512195,0.4518048780487805,0.3675609756097561,0.7646585365853659,41.1219512195122,24.024390243902438,8.292682926829269,5.146341463414634,13.926829268292684,18.634146341463413,0.34146341463414637,101.7219512195122,105.59024390243901,0.22344304505007945,0.1395715395715396,-3.8063164284065776,157.54067094505692,161.73545513284103,-4.194784187784094,0.5475292159228584,0.549104558836177,138.4471544715447,41,14,41,0.34146341463414637
ATL,2023-24,104.34146341463415,104.90243902439025,-0.5609756097560976,0.45514634146341465,0.36873170731707317,0.7822682926829269,41.41463414634146,23.5609756097561,8.097560975609756,4.414634146341464,13.951219512195122,20.463414634146343,0.526829268292683,104.9219512195122,104.58048780487805,0.053868759966320935,0.4292719299874597,-2.046350694725055,164.0265723451872,165.96562823846654,-1.939055893279351,0.5563664444660331,0.5648165831637051,136.1951219512195,41,21,41,0.5121951219512195
ATL,2024-25,117.85714285714286,119.36904761904762,-1.5119047619047619,47.27088607594937,35.69620253164557,77.1379746835443,44.41772151898734,29.556962025316455,,,,,0.4785714285714286,117.6547619047619,119.12142857142858,0.2611903900782538,0.21182650000523637,-2.6580930795766156,,,,0.5142054164952002,0.545622476481739,,84,40,84,0.47619047619047616
ATL,2025-26,118.02352941176471,115.8,2.223529411764706,47.95641025641026,36.94102564102564,77.59230769230768,41.92307692307692,31.153846153846153,,,,,0.5552941176470588,118.0729411764706,115.92470588235294,0.20659997445275366,0.30449960020251493,-0.2523394126215123,,,,0.2565521693964262,0.27078869467409866,,85,48,85,0.5647058823529412
BOS,2019-20,106.1951219512195,105.48780487804878,0.7073170731707317,0.46004878048780484,0.3725609756097561,0.7681951219512195,41.5609756097561,23.365853658536587,9.21951219512195,5.414634146341464,13.829268292682928,19.658536585365855,0.561788617886179,106.25447154471544,105.53902439024391,0.20344871731170153,0.40664451715298106,1.1760531596501493,170.21325132374326,169.44626992439385,0.7669813993494052,0.5659128288889648,0.5824641891564829,132.9918699186992,41,23,41,0.5609756097560976
BOS,2020-21,105.41463414634147,104.46341463414635,0.9512195121951219,0.45414634146341465,0.37041463414634146,0.7610243902439024,41.31707317073171,24.585365853658537,8.804878048780488,4.878048780487805,14.121951219512194,20.463414634146343,0.4731707317073171,104.53658536585365,104.2780487804878,0.3550771658639966,0.1877799769931462,0.24207193199501903,165.94081933985245,163.89763387362032,2.043185466232131,0.5769501134586942,0.5752084233776901,135.0731707317073,41,20,41,0.4878048780487805
BOS,2021-22,107.21951219512195,107.02439024390245,0.1951219512195122,0.4619268292682927,0.37797560975609756,0.748780487804878,39.51219512195122,23.585365853658537,8.926829268292684,5.2439024390243905,13.926829268292684,19.682926829268293,0.4585365853658537,107.4048780487805,107.40975609756099,0.2007882712528563,0.17733452561852472,-1.6954327142305716,160.9518119717126,159.86356138718824,1.0882505845243697,0.5747248683658728,0.574429473000788,142.83333333333334,41,19,41,0.4634146341463415
BOS,2022-23,106.7560975609756,100.85365853658537,5.902439024390244,0.4646585365853658,0.3681951219512195,0.7669268292682927,41.853658536585364,24.70731707317073,8.268292682926829,4.853658536585366,13.926829268292684,19.902439024390244,0.6536585365853659,106.93658536585365,101.07317073170732,0.34657749204646826,0.21724230854431717,2.923141808741119,168.52724374919188,159.34704873421575,9.180195014976132,0.550172820219662,0.5813405839730968,134.27642276422765,41,27,41,0.6585365853658537
BOS,2023-24,104.14634146341463,107.36585365853658,-3.2195121951219514,0.45846341463414636,0.36814634146341463,0.7749512195121951,41.5609756097561,23.682926829268293,8.585365853658537,5.146341463414634,13.609756097560975,19.829268292682926,0.46829268292682924,104.09268292682927,107.10243902439024,0.2746228716118469,0.2216740489535551,-3.549926458492413,161.28757237948204,166.73802880539526,-5.450456425913244,0.5673143324507515,0.556593570362889,137.60162601626018,41,19,41,0.4634146341463415
BOS,2024-25,116.10843373493977,106.90361445783132,9.204819277108435,46.18701298701299,37.09350649350649,80.1948051948052,45.23376623376623,25.896103896103895,,,,,0.7373493975903614,116.20963855421687,107.3566265060241,0.3549033034934389,0.3973537553305577,9.995157345955185,,,,0.520635460443794,0.5484046527954793,,83,62,83,0.7469879518072289
BOS,2025-26,114.73809523809524,107.01190476190476,7.726190476190476,47.457142857142856,36.754285714285714,78.42285714285715,44.457142857142856,23.8,,,,,0.6857142857142857,114.5,106.61904761904762,0.31634736018811427,0.27172936428602146,5.919571801601994,,,,0.23399821516571576,0.24571844568530277,,84,57,84,0.6785714285714286
BRK,2019-20,101.97560975609755,103.2439024390244,-1.2682926829268293,0.46204878048780484,0.37658536585365854,0.7742439024390244,41.5609756097561,24.24390243902439,8.0,5.2926829268292686,14.268292682926829,20.317073170731707,0.4882113821138211,103.0239837398374,103.33170731707318,0.2918610741243453,0.28892897613534274,3.6087302826532834,159.26071294412915,162.33559452263663,-3.074881578507487,0.5844535441055578,0.5542563648039747,135.73170731707316,41,19,41,0.4634146341463415
BRK,2020-21,106.8048780487805,101.58536585365853,5.219512195121951,0.4583170731707317,0.3692682926829268,0.77,41.1219512195122,24.585365853658537,8.268292682926829,5.146341463414634,13.414634146341463,20.5609756097561,0.6536585365853659,106.67804878048781,101.37560975609755,0.3637275889975429,0.3479798155815675,7.925256401933706,171.62714972803272,163.49759845870258,8.129551269330157,0.5864476245689106,0.5876066275605077,133.17073170731706,41,26,41,0.6341463414634146
BRK,2021-22,107.04878048780488,103.4390243902439,3.6097560975609757,0.4585121951219512,0.3660731707317073,0.7590243902439024,41.24390243902439,23.365853658536587,8.317073170731707,4.560975609756097,13.487804878048781,19.634146341463413,0.6048780487804878,106.97560975609755,103.25365853658536,0.2706568650123736,0.38010515278222745,7.107478600935196,166.25160213307527,159.28942852235264,6.962173610722645,0.5564292199909617,0.5709001506672184,139.27642276422765,41,25,41,0.6097560975609756
BRK,2022-23,105.78048780487805,105.41463414634147,0.36585365853658536,0.4513414634146341,0.35980487804878053,0.7590487804878049,41.5609756097561,23.951219512195124,8.731707317073171,5.487804878048781,14.024390243902438,19.975609756097562,0.49756097560975604,105.15121951219511,106.0,0.15336425092522654,0.43279576060429936,1.065160259334535,163.8064221256368,162.9100178279434,0.8964042976934047,0.5480412000636394,0.5698074302057126,137.1747967479675,41,22,41,0.5365853658536586
BRK,2023-24,107.1951219512195,102.65853658536585,4.536585365853658,0.46675609756097564,0.3727560975609756,0.7601707317073171,42.31707317073171,23.829268292682926,7.804878048780488,5.2926829268292686,14.292682926829269,19.804878048780488,0.5463414634146342,107.74146341463414,102.61463414634146,0.36480446093986796,0.22506998222564936,7.860768454409251,164.3294134785236,157.7482308966474,6.581182581876179,0.555860434031479,0.5709903936250676,138.34146341463415,41,22,41,0.5365853658536586
BRK,2024-25,105.24691358024691,112.18518518518519,-6.938271604938271,43.939473684210526,34.73026315789474,78.4328947368421,41.3421052631579,25.19736842105263,,,,,0.3358024691358025,105.17037037037036,111.66666666666667,0.19160428266364626,0.16500093069455912,-5.1235727093034535,,,,0.48799799718175124,0.5213604021007144,,81,26,81,0.32098765432098764
BRK,2025-26,105.92682926829268,115.91463414634147,-9.987804878048781,44.90588235294118,34.491176470588236,78.66470588235293,39.94117647058823,25.38235294117647,,,,,0.24390243902439024,105.97073170731707,115.73902439024391,0.09974583723154568,0.12856312674004874,-8.85407766202196,,,,0.2208108470876398,0.23790695721947028,,82,20,82,0.24390243902439024
CHI,2019-20,109.48780487804878,106.78048780487805,2.707317073170732,0.45958536585365856,0.3646341463414634,0.7537317073170732,41.36585365853659,23.317073170731707,8.78048780487805,4.853658536585366,14.048780487804878,20.48780487804878,0.5056910569105691,109.4821138211382,106.73861788617887,0.2486903691549542,0.2830963062292821,2.756844616653678,172.38674327272014,167.9316080297521,4.455135242968026,0.5687710919981404,0.5979817760171943,135.21951219512195,41,21,41,0.5121951219512195
CHI,2020-21,103.04878048780488,103.97560975609755,-0.926829268292683,0.4747804878048781,0.3688292682926829,0.7586829268292683,39.24390243902439,24.341463414634145,9.195121951219512,4.7073170731707314,14.463414634146341,19.878048780487806,0.49756097560975615,103.70731707317073,103.62926829268294,0.16347150158692106,0.18856660509986795,-3.380972134318078,157.13291263492297,158.11518419718715,-0.9822715622641724,0.5689676583398209,0.562678756788196,140.3821138211382,41,19,41,0.4634146341463415
CHI,2021-22,106.48780487804878,105.4390243902439,1.048780487804878,0.46041463414634143,0.3741219512195122,0.7634390243902439,41.51219512195122,23.682926829268293,8.804878048780488,5.390243902439025,14.048780487804878,19.536585365853657,0.526829268292683,106.61463414634146,105.2780487804878,0.20836637457871315,0.4301643602605308,3.8060710695717868,172.95579849859018,170.91050752871044,2.045290969879745,0.589800420727853,0.5919109018639774,131.82723577235774,41,22,41,0.5365853658536586
CHI,2022-23,106.48780487804878,105.6829268292683,0.8048780487804879,0.45146341463414635,0.36573170731707316,0.7663414634146342,39.8780487804878,24.073170731707318,7.902439024390244,5.146341463414634,14.414634146341463,20.073170731707318,0.5219512195121951,105.85853658536585,106.10243902439024,0.23497832272939875,0.3301310406712276,1.6232275852966875,158.1608673127005,156.3517068165047,1.8091604961958039,0.5531028091148742,0.5687004602680625,143.1219512195122,41,22,41,0.5365853658536586
CHI,2023-24,103.90243902439025,104.58536585365853,-0.6829268292682927,0.44843902439024386,0.3843658536585366,0.7563170731707317,41.34146341463415,23.878048780487806,8.317073170731707,4.658536585365853,13.829268292682928,19.926829268292682,0.575609756097561,104.84878048780489,104.74634146341464,0.32504760870029314,0.32604038789287604,2.4800171917019114,160.51314719317236,160.83635733240786,-0.3232101392355237,0.539744546534451,0.5583225153092071,137.7459349593496,41,23,41,0.5609756097560976
CHI,2024-25,117.46987951807229,119.24096385542168,-1.7710843373493976,47.10769230769231,36.76282051282051,80.67820512820512,45.97435897435897,28.807692307692307,,,,,0.4626506024096385,117.10602409638554,119.27469879518071,0.1678439457718188,0.24555644280006506,-3.93069133983522,,,,0.5215083930913992,0.5511382351480874,,83,39,83,0.46987951807228917
CHI,2025-26,114.90361445783132,120.04819277108433,-5.144578313253012,47.24857142857143,36.18571428571428,77.96857142857144,45.885714285714286,29.34285714285714,,,,,0.3807228915662651,114.65060240963855,119.42168674698796,0.29952503375802786,0.17289136929436455,-2.5142711725635283,,,,0.23202206266024647,0.24592015606599313,,83,31,83,0.37349397590361444
CHO,2019-20,106.2439024390244,106.90243902439025,-0.6585365853658537,0.4575853658536585,0.3705609756097561,0.7626341463414634,40.073170731707314,23.902439024390244,8.365853658536585,4.780487804878049,14.024390243902438,19.878048780487806,0.5126016260162601,105.78333333333333,105.67154471544717,0.17927995427429091,0.26286291003500095,-0.5335228404794621,164.307092981655,164.55517522864625,-0.24808224699128972,0.6046071900697784,0.5825576218474975,137.40447154471545,41,20,41,0.4878048780487805
CHO,2020-21,107.4390243902439,105.14634146341463,2.292682926829268,0.46480487804878046,0.36643902439024395,0.756609756097561,41.609756097560975,24.829268292682926,8.390243902439025,5.073170731707317,14.0,20.51219512195122,0.5463414634146341,107.57560975609756,105.72682926829269,0.2573795045515955,0.2716144440187331,2.4403104239542723,167.01944702077967,162.52933405117685,4.490112969602837,0.5550719431192963,0.5786546320518056,137.92073170731706,41,23,41,0.5609756097560976
CHO,2021-22,105.90243902439025,104.51219512195122,1.3902439024390243,0.4644146341463415,0.36934146341463414,0.7783170731707317,41.51219512195122,24.121951219512194,8.585365853658537,5.219512195121951,13.829268292682928,20.21951219512195,0.4585365853658537,106.30243902439024,104.18048780487804,0.21285032518891914,0.07718070884341663,-3.7286022255865245,167.0595634888289,164.64907669263258,2.410486796196322,0.5845580436761557,0.5704127803815107,137.14430894308944,41,18,41,0.43902439024390244
CHO,2022-23,102.0,106.02439024390245,-4.024390243902439,0.45058536585365855,0.37041463414634146,0.7657073170731707,42.390243902439025,23.878048780487806,7.560975609756097,4.902439024390244,14.170731707317072,20.609756097560975,0.40487804878048783,102.06341463414635,106.77560975609757,0.20762886368583716,0.16307367236537365,-4.16350585105896,166.095259495982,173.29703425752587,-7.201774761543852,0.5594484860650196,0.564250172001967,130.8678861788618,41,18,41,0.43902439024390244
CHO,2023-24,103.2439024390244,105.21951219512195,-1.975609756097561,0.4524146341463415,0.36921951219512195,0.7747073170731706,41.41463414634146,24.073170731707318,8.414634146341463,4.804878048780488,14.24390243902439,19.75609756097561,0.4829268292682927,103.19024390243902,104.64390243902439,0.3150709059623203,0.2212791072603804,1.3248602235636349,162.22694097818396,164.89370602473562,-2.666765046551669,0.5606659046265219,0.5641463962383904,135.8861788617886,41,19,41,0.4634146341463415
CHO,2024-25,103.8780487804878,112.82926829268293,-8.951219512195122,43.05066666666667,33.958666666666666,78.188,45.36,24.546666666666667,,,,,0.24634146341463414,104.06829268292684,112.62682926829268,0.17032135117032948,0.10470662381853298,-5.857215066321082,,,,0.46156802886708337,0.49349710896568194,,82,19,82,0.23170731707317074
CHO,2025-26,115.83333333333333,111.47619047619048,4.357142857142857,45.769444444444446,37.31111111111111,81.75277777777778,44.833333333333336,26.25,,,,,0.5238095238095238,115.49285714285713,111.3952380952381,0.22958509513453942,0.17775415707056869,0.7643635920026701,,,,0.2328816166367368,0.2500374688958957,,84,45,84,0.5357142857142857
CLE,2019-20,103.4390243902439,107.41463414634147,-3.975609756097561,0.4627560975609756,0.36585365853658536,0.7739512195121951,42.34146341463415,23.24390243902439,8.0,5.2926829268292686,13.853658536585366,20.341463414634145,0.35528455284552846,104.21910569105691,106.83861788617885,0.2676550238337598,0.08410903556074589,-3.0467793501975184,163.3926987604463,170.1771791743847,-6.784480413938364,0.5755528609584529,0.5599823349077471,134.2621951219512,41,13,41,0.3170731707317073
CLE,2020-21,104.1219512195122,107.07317073170732,-2.951219512195122,0.4513658536585366,0.3639512195121951,0.7618048780487805,42.51219512195122,23.975609756097562,8.560975609756097,5.341463414634147,14.24390243902439,20.414634146341463,0.4146341463414634,103.88292682926829,106.88780487804877,0.06630210814213683,0.26305470382123675,-4.68842817748225,170.51334776950745,175.52956837688834,-5.016220607380879,0.5698986949853402,0.5786033218309934,129.8678861788618,41,17,41,0.4146341463414634
CLE,2021-22,106.34146341463415,103.09756097560975,3.2439024390243905,0.45407317073170733,0.36246341463414633,0.7585365853658536,40.63414634146341,24.682926829268293,8.390243902439025,4.7073170731707314,14.21951219512195,20.048780487804876,0.5317073170731708,106.00975609756097,103.88292682926829,0.3027585156794928,0.3091504474952334,3.2784651339324333,165.3279399813812,160.85145472134533,4.47648526003586,0.581700414025128,0.5795474529904059,137.1260162601626,41,23,41,0.5609756097560976
CLE,2022-23,107.97560975609755,106.65853658536585,1.3170731707317074,0.46107317073170734,0.3665853658536586,0.7697560975609756,42.46341463414634,24.170731707317074,8.634146341463415,5.0,13.804878048780488,20.390243902439025,0.5170731707317073,107.87317073170732,106.03902439024391,0.3010554786861137,0.20247953643426722,0.995965506160793,173.40095476157242,170.79179087882522,2.6091638827471786,0.5704550438026106,0.5892900392497693,132.04065040650408,41,21,41,0.5121951219512195
CLE,2023-24,106.425,109.55,-3.125,0.46035000000000004,0.36885,0.77,40.925,23.3,8.45,5.45,14.2,19.7,0.475,106.24000000000001,109.53,0.32108920869012236,0.13405198967698967,-5.471450385845122,168.45413326744318,173.81852280676046,-5.364389539317296,0.5575045451911951,0.5830815955308662,136.10625,40,19,40,0.475
CLE,2024-25,121.92771084337349,112.25301204819277,9.674698795180722,49.08701298701298,38.45064935064935,77.47792207792207,45.38961038961039,28.181818181818183,,,,,0.7831325301204819,121.82891566265059,112.26746987951807,0.4643075978217915,0.4001576016838945,11.640065204616423,,,,0.536919515843412,0.5642830898795564,,83,65,83,0.7831325301204819
CLE,2025-26,119.24705882352941,115.09411764705882,4.152941176470589,46.75405405405406,35.37027027027027,78.13513513513513,45.24324324324324,27.89189189189189,,,,,0.6352941176470588,119.39529411764707,115.17411764705882,0.32566695176650473,0.2681488476048421,3.231980543313517,,,,0.23906285343766911,0.25373228775457685,,85,54,85,0.6352941176470588
DAL,2019-20,104.4390243902439,100.34146341463415,4.097560975609756,0.46304878048780485,0.37029268292682926,0.7587073170731707,42.31707317073171,24.097560975609756,8.268292682926829,5.146341463414634,13.731707317073171,20.048780487804876,0.5040650406504066,103.6650406504065,101.06260162601626,0.33122084792222256,0.1836460964509745,0.5436831866207572,167.1110503575444,159.48810389407,7.622946463474411,0.5733787794826848,0.566524144947832,134.11178861788616,41,22,41,0.5365853658536586
DAL,2020-21,108.3170731707317,104.51219512195122,3.8048780487804876,0.4617317073170732,0.3747560975609756,0.7585609756097561,41.63414634146341,24.5609756097561,8.951219512195122,5.121951219512195,14.21951219512195,19.853658536585368,0.5365853658536586,108.05365853658536,104.21463414634147,0.18482329304933698,0.2276091493687582,1.0063916708766618,168.703877803973,163.34690961590337,5.356968188069627,0.5811913177879804,0.5873494040617787,135.7012195121951,41,22,41,0.5365853658536586
DAL,2021-22,105.3170731707317,103.02439024390245,2.292682926829268,0.4656585365853658,0.36885365853658536,0.7809268292682927,41.09756097560975,24.390243902439025,8.682926829268293,5.512195121951219,14.048780487804878,20.48780487804878,0.6341463414634146,105.60487804878049,102.46829268292683,0.31004149799456754,0.356203457202098,4.162567874477613,167.00511129374257,163.72920227646384,3.275909017278704,0.5895523583379179,0.5763520726687006,135.59349593495935,41,25,41,0.6097560975609756
DAL,2022-23,104.70731707317073,106.78048780487805,-2.073170731707317,0.4600975609756098,0.37185365853658536,0.7679512195121951,40.58536585365854,23.804878048780488,8.292682926829269,5.439024390243903,13.926829268292684,19.975609756097562,0.45365853658536587,104.64878048780488,107.1219512195122,0.3660745407319069,0.11889918657361834,-1.3293713166639733,165.6519105987049,167.55214076956332,-1.900230170858433,0.5747019846229333,0.5727986795605551,136.9247967479675,41,19,41,0.4634146341463415
DAL,2023-24,103.60975609756098,103.65853658536585,-0.04878048780487805,0.4670487804878049,0.36521951219512194,0.7712439024390244,40.26829268292683,23.75609756097561,8.536585365853659,4.975609756097561,13.878048780487806,19.24390243902439,0.5121951219512195,103.8780487804878,103.2829268292683,0.18223087887722034,0.36833958788432686,3.272775685765259,157.4954087090088,156.57286086838317,0.9225478406256331,0.5529149238290452,0.5578442899564152,140.0020325203252,41,20,41,0.4878048780487805
DAL,2024-25,114.13253012048193,115.13253012048193,-1.0,48.028571428571425,36.137662337662334,76.41688311688313,42.97402597402598,25.246753246753247,,,,,0.4771084337349398,113.86024096385542,114.93253012048193,0.3015137541509473,0.2356655491583438,3.0897866633468856,,,,0.510850386795485,0.5416643544839712,,83,40,83,0.4819277108433735
DAL,2025-26,112.74698795180723,118.19277108433735,-5.445783132530121,46.9054054054054,33.23243243243243,76.04054054054055,44.729729729729726,25.0,,,,,0.3132530120481928,112.33493975903613,117.93975903614458,0.19236046591842823,0.10892097454926887,-5.32245011073124,,,,0.23556720315152987,0.2519647067441673,,83,26,83,0.3132530120481928
DEN,2019-20,107.4390243902439,104.65853658536585,2.7804878048780486,0.4632682926829268,0.37,0.7708048780487804,40.609756097560975,23.878048780487806,8.804878048780488,5.0,14.170731707317072,20.682926829268293,0.5906504065040651,107.22276422764227,103.8808943089431,0.2620835126932688,0.39714428589634193,4.412302737728,169.21151665026835,163.85397218598774,5.357544464280601,0.5861286364973457,0.5876909256873821,136.78252032520325,41,23,41,0.5609756097560976
DEN,2020-21,102.0,108.04878048780488,-6.048780487804878,0.4638292682926829,0.3728780487804878,0.7671219512195121,41.02439024390244,24.70731707317073,8.75609756097561,4.317073170731708,14.097560975609756,20.29268292682927,0.34146341463414637,102.60487804878049,108.33170731707318,0.19823458264993415,0.2624914492298492,-2.204257181583215,158.09387622917367,166.51640588319208,-8.422529654018401,0.5667342134190895,0.5518608329211314,138.4918699186992,41,14,41,0.34146341463414637
DEN,2021-22,101.34146341463415,104.97560975609755,-3.6341463414634148,0.4590975609756098,0.3677073170731707,0.7600487804878049,41.46341463414634,23.29268292682927,8.658536585365853,5.487804878048781,14.048780487804878,19.4390243902439,0.40487804878048783,100.47317073170731,104.83902439024389,0.1404181762511758,0.1701123322715862,-6.270981301863267,157.95279296544183,163.41740221150397,-5.464609246062153,0.5704440890253821,0.5467179499425026,137.3028455284553,41,17,41,0.4146341463414634
DEN,2022-23,104.41463414634147,107.26829268292683,-2.8536585365853657,0.4645853658536585,0.36609756097560975,0.7703414634146342,41.09756097560975,22.951219512195124,8.073170731707316,5.414634146341464,13.560975609756097,20.121951219512194,0.526829268292683,104.18048780487804,106.65365853658537,0.30476872199008426,0.22619816198216106,-2.3673158568198125,174.28835625648992,178.5389517753714,-4.250595518881474,0.5607426888363495,0.5913572111642598,128.3252032520325,41,21,41,0.5121951219512195
DEN,2023-24,103.07317073170732,103.39024390243902,-0.3170731707317073,0.46202439024390246,0.3726341463414634,0.7689756097560976,41.4390243902439,23.536585365853657,7.658536585365853,5.097560975609756,14.75609756097561,21.146341463414632,0.5414634146341464,103.20487804878047,103.98536585365852,0.2966200716606591,0.19961841700212915,-4.9259334801155426,165.17363648357977,165.82398271831076,-0.6503462347309709,0.5485357104283167,0.5719132873312146,134.05081300813006,41,23,41,0.5609756097560976
DEN,2024-25,120.65060240963855,116.78313253012048,3.8674698795180724,50.44025974025974,37.42857142857143,76.70519480519481,45.753246753246756,30.753246753246753,,,,,0.6048192771084338,120.53253012048194,116.69397590361446,0.3084811594511182,0.289622373664913,2.949429393414234,,,,0.5296322152701723,0.5580407385720555,,83,51,83,0.6144578313253012
DEN,2025-26,119.19767441860465,114.36046511627907,4.837209302325581,50.75833333333333,40.169444444444444,82.49722222222222,43.388888888888886,29.083333333333332,,,,,0.6558139534883721,120.21627906976745,115.12790697674419,0.3423468832733504,0.32862479094699326,6.583342318806931,,,,0.2463762038304137,0.2627023902174749,,86,55,86,0.6395348837209303
DET,2019-20,107.1219512195122,106.34146341463415,0.7804878048780488,0.45334146341463416,0.37290243902439024,0.7668292682926828,40.073170731707314,22.878048780487806,8.829268292682928,4.829268292682927,13.75609756097561,20.4390243902439,0.4894308943089431,106.99349593495936,106.47032520325205,0.20516220965137374,0.3049570773726932,1.963247682772128,172.59631879727988,171.68740928163703,0.908909515642836,0.5803990858558065,0.6024826561314707,132.13821138211384,41,20,41,0.4878048780487805
DET,2020-21,101.97560975609755,106.6829268292683,-4.7073170731707314,0.4664878048780488,0.3720487804878049,0.7726585365853658,42.292682926829265,23.609756097560975,9.195121951219512,4.951219512195122,14.414634146341463,18.902439024390244,0.40975609756097564,102.13658536585366,106.54634146341462,0.21275477754561045,0.2290429021296272,-2.274809340210468,164.02319392031796,172.2466623029816,-8.223468382663654,0.5690784859425957,0.5598291776803698,132.66260162601625,41,17,41,0.4146341463414634
DET,2021-22,108.04878048780488,105.36585365853658,2.682926829268293,0.46626829268292685,0.36985365853658536,0.7731463414634145,41.46341463414634,23.048780487804876,7.926829268292683,4.951219512195122,14.170731707317072,19.975609756097562,0.624390243902439,107.78048780487805,105.25853658536586,0.2050958727731362,0.34951281151915453,-0.2285593182337976,172.25941547281238,167.2633168626602,4.9960986101521705,0.5786410986213496,0.5945915790205613,133.8069105691057,41,26,41,0.6341463414634146
DET,2022-23,108.51219512195122,102.95121951219512,5.560975609756097,0.4614390243902439,0.376609756097561,0.7669268292682927,39.609756097560975,24.536585365853657,7.780487804878049,5.146341463414634,14.341463414634147,20.024390243902438,0.6292682926829268,108.93658536585365,103.38048780487806,0.25696797224774265,0.31751389101034855,5.225638923326738,165.66142119748753,157.27007260210036,8.391348595387145,0.5628557681996733,0.593177193389197,139.16260162601625,41,25,41,0.6097560975609756
DET,2023-24,104.63414634146342,105.21951219512195,-0.5853658536585366,0.46102439024390246,0.3745609756097561,0.7680487804878049,39.41463414634146,23.829268292682926,8.853658536585366,5.048780487804878,14.804878048780488,20.048780487804876,0.424390243902439,104.61951219512194,104.68780487804878,0.24594141186491864,0.1942480133071389,1.3959257151071194,156.9590682338871,159.32450529257872,-2.3654370586916187,0.5550652336785783,0.5691267589986782,141.22154471544718,41,17,41,0.4146341463414634
DET,2024-25,115.37037037037037,113.95061728395062,1.4197530864197532,47.6554054054054,36.09594594594594,76.47702702702703,44.78378378378378,26.43243243243243,,,,,0.5259259259259259,115.02716049382717,113.60000000000001,0.20773050538594465,0.24388836148909385,-1.196290687942232,,,,0.5004431958874987,0.5296378054393287,,81,42,81,0.5185185185185185
DET,2025-26,117.33333333333333,109.32142857142857,8.011904761904763,48.505405405405405,35.47027027027027,74.67567567567568,46.08108108108108,26.83783783783784,,,,,0.7119047619047619,117.62142857142858,109.93571428571428,0.4061840571409994,0.3392974816946729,6.452934970345165,,,,0.24132095155463443,0.25714757588008635,,84,61,84,0.7261904761904762
GSW,2019-20,106.60975609756098,103.60975609756098,3.0,0.4608292682926829,0.36048780487804877,0.7782926829268293,42.170731707317074,22.975609756097562,8.341463414634147,5.317073170731708,14.682926829268293,20.024390243902438,0.6154471544715447,106.7170731707317,104.12520325203252,0.338243955235951,0.2053311025060251,0.2776402821225973,166.95335159130468,162.92418411186298,4.029167479441685,0.5893205532631997,0.578630453425007,135.5650406504065,41,27,41,0.6585365853658537
GSW,2020-21,107.39024390243902,104.90243902439025,2.4878048780487805,0.4654146341463415,0.3712682926829268,0.7691707317073171,41.26829268292683,23.29268292682927,9.073170731707316,5.146341463414634,13.902439024390244,20.853658536585368,0.5902439024390244,107.07317073170732,104.56585365853658,0.29503795463264615,0.2778776515251322,2.368360491174736,172.17856019610025,168.2300130636878,3.948547132412447,0.5684406445048356,0.5921242849237005,133.3922764227642,41,24,41,0.5853658536585366
GSW,2021-22,104.1219512195122,106.17073170731707,-2.048780487804878,0.4707073170731707,0.3691951219512195,0.7782439024390243,40.707317073170735,25.195121951219512,8.365853658536585,4.219512195121951,13.902439024390244,19.609756097560975,0.375609756097561,104.31219512195122,105.93658536585365,0.14703440191245068,0.19887898364860762,-2.6387462267597,166.12632700298207,168.88495597768872,-2.758628974706647,0.5746871143679437,0.5764888555969347,133.96951219512195,41,15,41,0.36585365853658536
GSW,2022-23,105.60975609756098,107.46341463414635,-1.853658536585366,0.46270731707317075,0.37065853658536585,0.7799756097560976,40.90243902439025,22.146341463414632,8.487804878048781,4.975609756097561,13.75609756097561,19.634146341463413,0.4585365853658537,105.6390243902439,107.91219512195121,0.16404657905545167,0.2034671089605772,-3.4278047127251563,164.97113635729113,167.1810573851778,-2.209921027886661,0.5800709857761033,0.5765355067388525,136.02235772357724,41,19,41,0.4634146341463415
GSW,2023-24,103.425,105.825,-2.4,0.46319999999999995,0.369025,0.77145,41.25,23.85,8.1,5.05,13.9,20.2,0.41500000000000004,103.285,105.795,0.2041690621470033,0.18054634531704966,-2.4027034130160194,166.41337133506167,170.9965639601642,-4.5831926251025275,0.5868399947378283,0.5732151782159003,132.56875,40,16,40,0.4
GSW,2024-25,113.59036144578313,110.06024096385542,3.5301204819277108,45.205128205128204,36.465384615384615,75.98461538461538,45.05128205128205,28.897435897435898,,,,,0.5951807228915662,113.5879518072289,109.99277108433735,0.29028631571412716,0.30410203665116925,5.054526151790994,,,,0.5057212838469193,0.5358240129012869,,83,50,83,0.6024096385542169
GSW,2025-26,113.17647058823529,113.83529411764705,-0.6588235294117647,45.31621621621622,35.61351351351352,81.7945945945946,43.270270270270274,28.10810810810811,,,,,0.4588235294117647,113.13882352941175,113.50823529411765,0.33908255169578183,0.1919437975599414,1.4619657984238685,,,,0.23597485134439386,0.2536545008171265,,85,38,85,0.4470588235294118
HOU,2019-20,103.82926829268293,105.63414634146342,-1.8048780487804879,0.46799999999999997,0.3686341463414634,0.7569024390243901,42.048780487804876,23.829268292682926,8.634146341463415,5.121951219512195,14.414634146341463,19.4390243902439,0.4264227642276423,104.2349593495935,105.55162601626017,0.24919152850278892,0.21362947191498124,-0.5391671455918835,162.01642491226636,164.52599092952352,-2.5095660172571543,0.5611009984875146,0.5616846773190737,136.5060975609756,41,17,41,0.4146341463414634
HOU,2020-21,105.6829268292683,103.48780487804878,2.1951219512195124,0.464,0.3703414634146342,0.757609756097561,41.75609756097561,23.29268292682927,8.536585365853659,5.7560975609756095,14.24390243902439,20.902439024390244,0.5170731707317073,104.47317073170731,103.42439024390244,0.27697627575676353,0.2805657073624318,0.8395098036094849,165.63924508063036,162.42428451317724,3.214960567453098,0.5701922072776935,0.5731536102450795,136.0630081300813,41,22,41,0.5365853658536586
HOU,2021-22,105.1,102.375,2.725,0.46235,0.37205,0.76225,41.225,24.5,7.65,5.15,13.525,20.275,0.615,105.925,102.17,0.2826000612949142,0.41037199962303444,8.664351816415216,161.53140648800712,158.1056553069243,3.425751181082826,0.5812287759966337,0.5623192883081829,138.06666666666666,40,24,40,0.6
HOU,2022-23,103.53658536585365,101.07317073170732,2.4634146341463414,0.45468292682926825,0.37021951219512195,0.7655853658536586,40.8780487804878,23.463414634146343,8.195121951219512,5.463414634146342,14.390243902439025,20.609756097560975,0.4634146341463415,103.61951219512194,101.98048780487804,0.28386176957025705,0.16021305311685136,3.143601564772722,160.5961724103999,157.31208791928628,3.284084491113616,0.5575086963338987,0.5646455572607493,137.1138211382114,41,20,41,0.4878048780487805
HOU,2023-24,103.6829268292683,108.02439024390245,-4.341463414634147,0.46802439024390247,0.36497560975609755,0.763390243902439,41.48780487804878,23.634146341463413,8.560975609756097,5.512195121951219,13.560975609756097,20.24390243902439,0.46829268292682924,103.69756097560976,107.13170731707316,0.222621120751265,0.33522098439035686,0.2742111856320579,164.26749507515103,170.06193875291024,-5.79444367775921,0.5609503587880168,0.5602443560770409,136.4512195121951,41,18,41,0.43902439024390244
HOU,2024-25,114.07317073170732,109.5609756097561,4.512195121951219,45.3175,35.1,73.86875,48.375,23.3,,,,,0.6439024390243903,114.08292682926829,109.36341463414634,0.3364206254187638,0.29538955335493206,5.4291586971531665,,,,0.5076773726189866,0.5374279368949634,,82,52,82,0.6341463414634146
HOU,2025-26,114.77380952380952,109.86904761904762,4.904761904761905,48.76764705882353,38.779411764705884,77.80882352941177,49.05882352941177,25.323529411764707,,,,,0.6142857142857143,114.63571428571429,110.12857142857142,0.360236978431834,0.2860402025500524,6.9564400736708585,,,,0.22390504080498186,0.2381172023481477,,84,52,84,0.6190476190476191
IND,2019-20,104.14634146341463,102.21951219512195,1.9268292682926829,0.46726829268292686,0.3698048780487805,0.746609756097561,39.390243902439025,23.902439024390244,8.585365853658537,4.951219512195122,14.829268292682928,19.121951219512194,0.5398373983739837,103.96341463414635,102.39878048780488,0.307586611895492,0.15564384184032298,-0.1595448043665223,153.90636322407144,150.67165714676995,3.2347060773014986,0.5492483017746468,0.5591640230154267,144.05081300813006,41,23,41,0.5609756097560976
IND,2020-21,107.8780487804878,107.63414634146342,0.24390243902439024,0.4611951219512195,0.3658780487804878,0.7573414634146342,42.19512195121951,23.78048780487805,8.634146341463415,5.024390243902439,13.878048780487806,20.170731707317074,0.5853658536585366,107.8780487804878,107.57560975609756,0.2855874992258365,0.2924475679119642,-1.4216429430252902,171.47403098216486,171.2533751470724,0.22065583509246817,0.5406276230194768,0.585781747454484,134.20731707317074,41,24,41,0.5853658536585366
IND,2021-22,104.17073170731707,107.8780487804878,-3.707317073170732,0.47029268292682924,0.36853658536585365,0.7473414634146341,39.609756097560975,24.878048780487806,8.609756097560975,5.585365853658536,13.853658536585366,19.75609756097561,0.448780487804878,104.22439024390243,107.65853658536585,0.10638883474249329,0.25809252363271057,-4.232166900031877,157.0130647541127,163.2454235800281,-6.232358825915408,0.554731425070037,0.5616179877727633,140.41463414634146,41,18,41,0.43902439024390244
IND,2022-23,107.70731707317073,107.21951219512195,0.4878048780487805,0.45626829268292685,0.3671951219512195,0.7611219512195122,40.5609756097561,23.975609756097562,8.731707317073171,4.951219512195122,13.78048780487805,19.634146341463413,0.4926829268292683,106.94634146341464,106.83414634146341,0.35369786166244677,0.2558220586037168,2.8830789579929195,165.20981303864832,164.29727047924027,0.9125425594080265,0.5602466894938446,0.580029470488454,139.130081300813,41,21,41,0.5121951219512195
IND,2023-24,103.5609756097561,105.8780487804878,-2.317073170731707,0.4586829268292683,0.3713170731707317,0.7525121951219512,41.292682926829265,24.804878048780488,8.804878048780488,5.512195121951219,13.853658536585366,19.390243902439025,0.4585365853658537,104.22439024390243,105.94146341463416,0.20345705059704908,0.24711224605225207,-1.6571434254578539,161.97944515748466,165.55276030949108,-3.5733151520064053,0.5659621198738249,0.562478358428395,135.54268292682926,41,17,41,0.4146341463414634
IND,2024-25,117.36144578313252,114.92771084337349,2.433734939759036,48.74810126582278,36.5873417721519,79.34683544303797,41.949367088607595,29.354430379746834,,,,,0.5951807228915662,117.04578313253012,114.96626506024097,0.3264399666502559,0.20506804626327835,-0.8043241315569559,,,,0.5338760027753044,0.5652654065062793,,83,51,83,0.6144578313253012
IND,2025-26,112.42682926829268,120.41463414634147,-7.987804878048781,44.25945945945946,34.013513513513516,77.28648648648648,42.486486486486484,24.45945945945946,,,,,0.24634146341463414,112.60731707317072,120.30975609756098,0.1458699705349873,0.04981122472948226,-8.972648112321753,,,,0.23086383583392675,0.2490840283313189,,82,19,82,0.23170731707317074
LAC,2019-20,103.73170731707317,104.6829268292683,-0.9512195121951219,0.45219512195121947,0.3739512195121951,0.7695853658536586,41.829268292682926,24.21951219512195,8.341463414634147,4.658536585365853,14.073170731707316,20.195121951219512,0.4313008130081301,103.34186991869917,104.65040650406505,0.3130642504944023,0.14584062549497118,-1.5470152641608443,165.53819571280175,166.9187361429425,-1.3805404301407507,0.5735876209655999,0.566733881755823,134.3048780487805,41,18,41,0.43902439024390244
LAC,2020-21,103.65853658536585,105.3170731707317,-1.6585365853658536,0.4629024390243902,0.36897560975609756,0.7720243902439025,40.36585365853659,24.121951219512194,8.658536585365853,5.463414634146342,13.878048780487806,19.853658536585368,0.33658536585365856,103.55609756097562,105.30243902439024,0.09716317509585652,0.1840616086406315,-4.393008116974376,155.91176437578667,159.24907306715002,-3.3373086913633125,0.548741822172538,0.5527918150393664,141.4369918699187,41,14,41,0.34146341463414637
LAC,2021-22,105.1951219512195,105.26829268292683,-0.07317073170731707,0.46324390243902436,0.37946341463414635,0.7762682926829267,41.21951219512195,24.317073170731707,8.902439024390244,5.634146341463414,13.75609756097561,19.536585365853657,0.526829268292683,105.02439024390245,105.21463414634147,0.21828645986314188,0.3295545177803729,0.07223885006977351,166.67232650190752,167.11285990925504,-0.4405334073475084,0.5576784565429159,0.5743477420862705,134.72357723577235,41,21,41,0.5121951219512195
LAC,2022-23,105.75,102.525,3.225,0.46332500000000004,0.3673,0.758575,39.725,23.775,8.325,4.825,13.35,19.125,0.525,105.85,103.10999999999999,0.331899700046069,0.20081930732666026,0.9556067400497141,163.40539363090508,159.1392307440672,4.2661628868379,0.5747489015482907,0.5770930133818667,137.65,40,22,40,0.55
LAC,2023-24,105.39024390243902,106.78048780487805,-1.3902439024390243,0.4497317073170732,0.37353658536585366,0.7542439024390244,40.90243902439025,23.878048780487806,8.317073170731707,5.073170731707317,14.170731707317072,20.21951219512195,0.49756097560975615,104.93658536585365,106.15121951219511,0.16292978083357906,0.2935916349417822,-1.747993001019758,171.8023123875621,174.18089058667692,-2.378578199114828,0.6066311948067958,0.5906833734632597,131.5569105691057,41,21,41,0.5121951219512195
LAC,2024-25,112.8433734939759,108.26506024096386,4.578313253012048,48.517105263157895,37.56184210526315,79.50394736842105,43.76315789473684,25.407894736842106,,,,,0.6120481927710844,112.88433734939758,108.24578313253012,0.28416981411768516,0.2595186483316634,2.2409918207891883,,,,0.5102286687105476,0.5417096147097277,,83,50,83,0.6024096385542169
LAC,2025-26,113.855421686747,112.79518072289157,1.0602409638554218,47.32222222222222,36.23888888888889,84.35,40.583333333333336,23.583333333333332,,,,,0.5132530120481927,113.89156626506023,112.62168674698796,0.27791161782411544,0.14953705557199554,-1.8001427358234334,,,,0.2400230209271765,0.25983020943372676,,83,42,83,0.5060240963855421
LAL,2019-20,103.8048780487805,103.63414634146342,0.17073170731707318,0.4639024390243902,0.36746341463414633,0.7621951219512195,40.19512195121951,24.097560975609756,8.804878048780488,4.902439024390244,14.0,19.51219512195122,0.4841463414634147,103.69308943089432,103.79837398373985,0.22135159071842603,0.21775874299377282,-0.9743567824974186,160.34894438002482,159.79421252839717,0.5547318516276523,0.5623153181054601,0.5637639541794138,138.020325203252,41,21,41,0.5121951219512195
LAL,2020-21,108.41463414634147,105.8048780487805,2.6097560975609757,0.4540243902439024,0.37265853658536585,0.7685609756097561,40.34146341463415,24.146341463414632,8.585365853658537,4.536585365853658,14.121951219512194,19.878048780487806,0.46829268292682924,107.29268292682927,105.59024390243901,0.2830150352973731,0.14559858115321378,-1.1659750290397928,162.32814678822388,158.80539461366428,3.52275217455962,0.5602773990733587,0.5781135271470403,141.6341463414634,41,20,41,0.4878048780487805
LAL,2021-22,105.0,107.05,-2.05,0.45,0.368925,0.758575,40.425,23.125,8.0,5.35,13.525,20.65,0.5,105.51500000000001,106.85,0.18064689899379122,0.26779949217449217,-2.5278302360449776,166.32859122354088,170.238404262675,-3.9098130391341,0.5884581250437251,0.578419808738442,134.55833333333334,40,19,40,0.475
LAL,2022-23,102.8780487804878,108.78048780487805,-5.902439024390244,0.4540975609756097,0.3676829268292683,0.7839268292682926,40.75609756097561,24.365853658536587,8.21951219512195,4.682926829268292,14.512195121951219,19.829268292682926,0.3463414634146341,102.84878048780489,108.33658536585367,0.13638475345792417,0.3009179339637845,-4.725232419015749,155.95417949001097,164.35435122716905,-8.400171737158056,0.5498563523608152,0.5543507594990921,140.1768292682927,41,14,41,0.34146341463414637
LAL,2023-24,103.125,106.05,-2.925,0.45694999999999997,0.365775,0.7732249999999999,39.575,23.325,9.525,5.275,13.8,19.05,0.43,103.54,106.66,0.15338180406195112,0.2350044272808524,-6.380705134362305,160.00438347205952,164.3292945838793,-4.324911111819768,0.5785032542085441,0.5658835228949743,137.50625,40,18,40,0.45
LAL,2024-25,111.82142857142857,110.89285714285714,0.9285714285714286,47.9925,36.792500000000004,79.20875,42.45,25.825,,,,,0.6071428571428571,111.75714285714287,110.6047619047619,0.39333313905341377,0.20106215309573347,-0.15254524489466295,,,,0.5327623568716489,0.5665232656881324,,84,50,84,0.5952380952380952
LAL,2025-26,116.04761904761905,114.14285714285714,1.9047619047619047,49.86764705882353,34.17058823529412,77.79117647058824,40.970588235294116,24.852941176470587,,,,,0.6380952380952382,115.87380952380951,114.50714285714287,0.31169864113828283,0.34629708279766797,0.8808572196800399,,,,0.2300947662513804,0.24682022963459915,,84,55,84,0.6547619047619048
MEM,2019-20,103.97560975609755,106.29268292682927,-2.317073170731707,0.45951219512195124,0.3716829268292683,0.7587073170731707,41.63414634146341,22.51219512195122,9.195121951219512,5.317073170731708,14.804878048780488,20.536585365853657,0.5414634146341464,104.52845528455285,106.00162601626016,0.2963089768345375,0.3733761557772356,2.871464799989554,157.7821081494439,162.23167246984778,-4.4495643204038915,0.5559201980563324,0.5515593292764661,142.08333333333334,41,21,41,0.5121951219512195
MEM,2020-21,110.025,106.425,3.6,0.4495,0.374325,0.7678499999999999,40.825,23.9,9.05,5.0,14.025,19.575,0.55,109.665,107.045,0.1691226134976135,0.3289056677840414,1.2765897204026897,173.96030113423993,168.81734319449504,5.14295793974488,0.582788686167456,0.6047195370732779,134.60625,40,23,40,0.575
MEM,2021-22,105.1,104.0,1.1,0.47082499999999994,0.36924999999999997,0.75935,41.825,24.55,8.125,5.325,13.7,19.425,0.5650000000000001,105.225,103.07000000000001,0.3618260071327022,0.2011647020635024,1.4076266322517268,164.71741013050513,163.19953881724692,1.5178713132582058,0.5549041226904494,0.5680709890297184,135.54791666666668,40,21,40,0.525
MEM,2022-23,104.3170731707317,104.58536585365853,-0.2682926829268293,0.4624390243902439,0.3748780487804878,0.7744634146341464,42.073170731707314,24.26829268292683,9.24390243902439,5.170731707317073,14.170731707317072,19.048780487804876,0.40487804878048783,104.48780487804878,104.93658536585365,0.1772897896736906,0.23211939377460783,-2.232118093323659,162.3695401807368,163.19750553407215,-0.8279653533353446,0.5662642443397399,0.5608298328351745,137.2439024390244,41,17,41,0.4146341463414634
MEM,2023-24,103.78048780487805,104.8780487804878,-1.0975609756097562,0.4539512195121951,0.3655609756097561,0.7614878048780488,40.58536585365854,24.24390243902439,8.682926829268293,4.414634146341464,13.78048780487805,19.853658536585368,0.45365853658536587,104.01951219512196,105.25365853658536,0.3344518149339565,0.11221083320683109,-1.5862197208342244,164.16927178813043,166.77599766884632,-2.60672588071587,0.5679446089878238,0.5710927669349897,134.03861788617886,41,19,41,0.4634146341463415
MEM,2024-25,120.97590361445783,116.6867469879518,4.289156626506024,47.7,36.551898734177215,79.07594936708861,47.177215189873415,28.227848101265824,,,,,0.5807228915662651,120.87710843373493,116.26987951807229,0.35371227223907636,0.2699879658970253,6.374543414179129,,,,0.5250086529222616,0.5579018972388456,,83,48,83,0.5783132530120482
MEM,2025-26,113.28915662650603,119.2289156626506,-5.9397590361445785,45.565714285714286,34.86571428571428,78.68571428571428,45.91428571428571,29.114285714285714,,,,,0.3108433734939759,113.22409638554217,118.7421686746988,0.21859837347309607,0.16966751571363908,-2.887596607605873,,,,0.2232757357212765,0.2391559786479173,,83,25,83,0.30120481927710846
MIA,2019-20,104.8780487804878,106.63414634146342,-1.7560975609756098,0.45951219512195124,0.372390243902439,0.7602926829268293,40.65853658536585,23.24390243902439,9.073170731707316,5.365853658536586,14.24390243902439,19.390243902439025,0.40975609756097564,104.61788617886178,107.01910569105692,0.2788021436599931,0.09717848643507482,-2.404824187097037,156.34177592480552,158.2263216383975,-1.884545713592003,0.5765005104225916,0.5593058819092025,141.72764227642276,41,18,41,0.43902439024390244
MIA,2020-21,106.2,103.175,3.025,0.4608,0.36920000000000003,0.7673,41.75,25.4,8.375,4.55,13.425,20.05,0.65,106.825,103.285,0.23675174369833812,0.3818506698624733,5.3131107807628055,173.89456801124916,169.79120053257267,4.103367478676475,0.5908594110694552,0.5864698961129909,131.14791666666667,40,26,40,0.65
MIA,2021-22,103.85,104.7,-0.85,0.46452499999999997,0.37355,0.778075,39.725,25.475,8.925,5.125,13.7,20.1,0.495,103.14500000000001,103.95,0.2572990224644637,0.4131434219618194,5.763319401168248,156.00082611376428,157.10659983930174,-1.1057737255374387,0.5552195704362605,0.556084226683114,141.59375,40,19,40,0.475
MIA,2022-23,107.35,105.7,1.65,0.460025,0.37075,0.767475,40.05,23.775,8.2,4.775,13.975,19.975,0.41000000000000003,107.42,105.92999999999999,0.20125879516939887,0.2417901208913206,0.1207127656954347,166.6663547707431,165.16995896996121,1.4963958007818683,0.562976065264913,0.5869891492855717,137.075,40,17,40,0.425
MIA,2023-24,102.26829268292683,105.1951219512195,-2.926829268292683,0.46334146341463417,0.37278048780487805,0.7595609756097561,40.146341463414636,24.341463414634145,8.560975609756097,5.219512195121951,14.317073170731707,20.195121951219512,0.351219512195122,102.18536585365854,105.39999999999999,0.1354520781265099,0.08933107069292223,-6.516952947239807,158.19161551176083,162.21245287523314,-4.020837363472343,0.5879304004878412,0.5601821090313126,137.52439024390245,41,14,41,0.34146341463414637
MIA,2024-25,110.5,110.11904761904762,0.38095238095238093,46.48571428571429,36.6987012987013,79.35974025974026,43.64935064935065,26.363636363636363,,,,,0.44761904761904764,110.46428571428571,109.94285714285715,0.24664560358878454,0.24291782177446436,-0.12600531682620403,,,,0.4975526049026492,0.5273686599819823,,84,38,84,0.4523809523809524
MIA,2025-26,119.48809523809524,117.22619047619048,2.261904761904762,46.92162162162162,36.56216216216216,80.0945945945946,45.648648648648646,28.7027027027027,,,,,0.5119047619047619,118.95952380952382,116.99761904761904,0.35718376856232753,0.19245843180629313,3.5444439771958542,,,,0.23757710421402245,0.2537972632315852,,84,43,84,0.5119047619047619
MIL,2019-20,108.3170731707317,103.65853658536585,4.658536585365853,0.4641219512195122,0.37341463414634146,0.7571463414634146,39.21951219512195,24.390243902439025,8.682926829268293,4.780487804878049,14.731707317073171,20.634146341463413,0.641869918699187,108.33902439024389,103.44837398373983,0.36966234797303876,0.2988708864067544,4.7679441242863785,159.6846888878247,152.90284163764383,6.781847250180872,0.558182558949456,0.5821672915379322,144.3130081300813,41,26,41,0.6341463414634146
MIL,2020-21,104.7560975609756,102.48780487804878,2.268292682926829,0.4612926829268293,0.3682682926829268,0.76,43.390243902439025,24.926829268292682,7.975609756097561,5.317073170731708,13.951219512195122,20.121951219512194,0.5073170731707317,104.2439024390244,102.00975609756097,0.14716736714584633,0.2925001833863858,-0.18188844827373868,170.19741462397567,166.28396632144657,3.9134483025290727,0.5623180305306795,0.5690468259193062,131.6361788617886,41,21,41,0.5121951219512195
MIL,2021-22,107.8780487804878,105.34146341463415,2.5365853658536586,0.452390243902439,0.3639512195121951,0.7730975609756098,40.146341463414636,23.048780487804876,8.21951219512195,4.7317073170731705,13.975609756097562,19.536585365853657,0.6585365853658537,108.77073170731708,105.40975609756099,0.3532494418122674,0.27221030624338033,1.2856123075517876,166.13103625985434,162.28680514428595,3.8442311155684012,0.5525145214555004,0.5864053303128158,138.58943089430895,41,26,41,0.6341463414634146
MIL,2022-23,103.125,107.875,-4.75,0.45305,0.36505,0.771425,40.675,23.375,8.275,5.125,14.775,20.125,0.39,102.72,107.67999999999999,0.13321172087716204,0.1396759080273012,-9.586000419934393,160.60029563225754,168.43014714546302,-7.829851513205497,0.586156643126208,0.5676827794536417,136.63541666666669,40,16,40,0.4
MIL,2023-24,105.09756097560975,110.46341463414635,-5.365853658536586,0.4559268292682927,0.36560975609756097,0.7610487804878049,40.951219512195124,24.414634146341463,8.317073170731707,5.2682926829268295,13.804878048780488,20.682926829268293,0.3609756097560976,105.19024390243902,110.53658536585365,0.22820455667148257,0.13232142363664676,-7.567717857785208,164.6892419566283,174.540824999069,-9.851583042440705,0.5607203520209544,0.5729476531727185,136.1178861788618,41,14,41,0.34146341463414637
MIL,2024-25,113.51190476190476,111.30952380952381,2.2023809523809526,48.84743589743589,38.646153846153844,73.88846153846154,43.243589743589745,25.23076923076923,,,,,0.5571428571428572,113.14761904761905,111.07380952380953,0.3054329406988981,0.2084897338969591,1.1762597215120396,,,,0.5292262206235517,0.5562914806122021,,84,48,84,0.5714285714285714
MIL,2025-26,109.3012048192771,115.43373493975903,-6.132530120481928,48.73513513513514,39.72702702702703,73.96486486486486,40.37837837837838,26.243243243243242,,,,,0.3927710843373494,109.51084337349397,115.47710843373494,0.2705880023038163,0.19155554929791405,-2.503135021304489,,,,0.25568499771639225,0.26703797321736467,,83,32,83,0.3855421686746988
MIN,2019-20,107.0,104.92682926829268,2.073170731707317,0.46214634146341466,0.36902439024390243,0.7549756097560976,42.58536585365854,24.390243902439025,8.170731707317072,4.512195121951219,13.804878048780488,19.097560975609756,0.5658536585365853,106.33658536585367,105.97886178861788,0.3346747627998756,0.17146724031587732,-2.622895972356298,171.89431677715376,168.7423794243591,3.1519373527946684,0.5545347452634786,0.5815593692549026,133.0081300813008,41,25,41,0.6097560975609756
MIN,2020-21,106.025,105.55,0.475,0.45305,0.372125,0.7652,42.275,23.925,8.725,5.025,14.25,19.475,0.495,106.53,105.215,0.2760504618360656,0.3838501119838194,2.733255457982581,165.13815905748237,164.76049188085338,0.37766717662900007,0.5697483529127199,0.570783405005141,136.02083333333331,40,18,40,0.45
MIN,2021-22,104.4390243902439,105.63414634146342,-1.1951219512195121,0.46231707317073173,0.36917073170731707,0.773390243902439,41.80487804878049,25.073170731707318,8.390243902439025,4.2682926829268295,14.512195121951219,20.536585365853657,0.3609756097560976,104.17073170731707,105.98536585365852,0.13112856355890412,0.13976278415888022,-4.590205620888269,164.8351962317666,167.42673936484724,-2.5915431330806586,0.5632166356484958,0.5714230807542336,134.91056910569108,41,16,41,0.3902439024390244
MIN,2022-23,104.55,104.55,0.0,0.45702499999999996,0.368425,0.7735749999999999,40.95,23.825,8.625,5.3,14.5,20.15,0.475,104.61500000000001,104.175,0.28295145955265927,0.238924466056819,0.7683511897770516,161.37889182549944,161.77794540178536,-0.3990535762859203,0.5685032456932869,0.5704302691519219,136.95833333333331,40,18,40,0.45
MIN,2023-24,105.5609756097561,105.09756097560975,0.4634146341463415,0.4624390243902439,0.3669268292682927,0.7654146341463415,40.97560975609756,24.21951219512195,8.24390243902439,5.0,14.195121951219512,19.609756097560975,0.49756097560975604,105.48780487804878,105.06341463414635,0.11192865400182472,0.38069737210840465,0.13437894747949805,165.9482517526192,165.07833310615587,0.8699186464633301,0.5681510825664735,0.5790473930833321,135.3638211382114,41,21,41,0.5121951219512195
MIN,2024-25,114.1951219512195,108.90243902439025,5.2926829268292686,46.84342105263158,37.544736842105266,79.74473684210527,44.223684210526315,25.94736842105263,,,,,0.5951219512195123,113.81219512195122,109.02682926829269,0.2960598413263278,0.24922806050469673,2.8644618759009557,,,,0.5138096691812447,0.5455226718693553,,82,50,82,0.6097560975609756
MIN,2025-26,115.38372093023256,112.11627906976744,3.2674418604651163,48.25,36.87222222222223,77.11666666666666,44.55555555555556,26.61111111111111,,,,,0.5976744186046511,116.31395348837209,112.71627906976745,0.31998123778449183,0.29488412781982987,3.898331881071842,,,,0.23485597580472375,0.2501050450304334,,86,51,86,0.5930232558139535
NOP,2019-20,106.48780487804878,104.63414634146342,1.853658536585366,0.46304878048780485,0.3765609756097561,0.7706829268292683,42.0,23.097560975609756,8.146341463414634,4.951219512195122,14.487804878048781,20.804878048780488,0.6195121951219512,107.1349593495935,103.46666666666667,0.3043773750392341,0.3596233624078523,6.8025260118914925,168.81791868555064,165.4627312523508,3.355187433199811,0.5768640846369144,0.5824397557864055,134.41666666666666,41,24,41,0.5853658536585366
NOP,2020-21,104.63414634146342,107.41463414634147,-2.7804878048780486,0.46363414634146344,0.36897560975609756,0.7748048780487805,43.048780487804876,24.341463414634145,8.609756097560975,4.926829268292683,13.170731707317072,19.975609756097562,0.5170731707317073,104.91707317073171,107.33658536585367,0.3162423895292203,0.24931989120145126,0.8572140683834871,171.58711653670923,175.55020556525992,-3.963089028550686,0.5577823322446809,0.5711667795040486,129.91056910569105,41,21,41,0.5121951219512195
NOP,2021-22,106.2439024390244,102.41463414634147,3.8292682926829267,0.4605365853658537,0.36858536585365853,0.7597317073170732,41.4390243902439,24.829268292682926,8.390243902439025,5.195121951219512,14.560975609756097,19.73170731707317,0.5902439024390244,106.23414634146343,102.96097560975609,0.32297933158301556,0.3537346879168974,9.229268490481179,167.206027436801,160.06718416331736,7.138843273483652,0.5632090147936806,0.5781324469962094,136.6890243902439,41,24,41,0.5853658536585366
NOP,2022-23,107.07317073170732,105.63414634146342,1.4390243902439024,0.4635609756097561,0.3791951219512195,0.7641951219512195,42.58536585365854,24.365853658536587,8.195121951219512,4.829268292682927,14.097560975609756,20.21951219512195,0.4292682926829269,106.66341463414633,106.06829268292684,0.18909560241141485,0.15639844771839034,-1.405787870477085,168.53280784765903,167.3613706517407,1.1714371959183332,0.565095948360876,0.5764893367829756,135.23373983739836,41,19,41,0.4634146341463415
NOP,2023-24,105.14634146341463,104.73170731707317,0.4146341463414634,0.44951219512195123,0.3739268292682927,0.7611951219512195,41.170731707317074,24.536585365853657,9.073170731707316,4.902439024390244,14.24390243902439,20.73170731707317,0.40975609756097564,105.19999999999999,104.79512195121953,0.12412310540944536,0.2804925902543512,0.8463160554861356,167.42739489052997,166.60821132268902,0.8191835678409701,0.5706076973947461,0.5781590875725396,134.9939024390244,41,16,41,0.3902439024390244
NOP,2024-25,108.50602409638554,117.81927710843374,-9.313253012048193,45.07105263157895,34.51973684210526,74.89342105263158,43.85526315789474,25.88157894736842,,,,,0.26265060240963856,108.5156626506024,117.03373493975903,0.18379262760893944,0.09291739333163952,-8.796786899525493,,,,0.47449293028639,0.5053609084702103,,83,21,83,0.25301204819277107
NOP,2025-26,115.52439024390245,120.02439024390245,-4.5,45.91538461538462,33.63333333333333,78.96153846153847,43.282051282051285,24.76923076923077,,,,,0.3121951219512195,114.96341463414635,119.93658536585365,0.1344069594961415,0.08901303424796629,-7.973771186142814,,,,0.24629755634480435,0.26574739036817013,,82,26,82,0.3170731707317073
NYK,2019-20,104.92682926829268,102.09756097560975,2.8292682926829267,0.4626585365853659,0.36953658536585365,0.7531463414634145,40.4390243902439,24.414634146341463,8.658536585365853,4.585365853658536,13.170731707317072,19.097560975609756,0.5979674796747967,105.17317073170733,102.28333333333333,0.47524401720675225,0.23292571627069097,3.313541074312865,162.11019712005483,157.24090499763713,4.869292122417722,0.5404820256529523,0.5680354071015373,137.34756097560975,41,24,41,0.5853658536585366
NYK,2020-21,108.29268292682927,106.29268292682927,2.0,0.4640243902439024,0.36490243902439023,0.7629268292682927,40.707317073170735,24.341463414634145,8.634146341463415,5.0,14.341463414634147,19.70731707317073,0.526829268292683,107.90243902439025,105.30731707317074,0.2411598501174126,0.2545657293741187,-0.629343310658297,162.4136433056005,159.49364158878524,2.920001716815237,0.5668104975106593,0.5786409811498028,141.33739837398375,41,21,41,0.5121951219512195
NYK,2021-22,104.63414634146342,103.48780487804878,1.146341463414634,0.4656829268292683,0.37934146341463415,0.7727804878048781,41.90243902439025,24.975609756097562,7.902439024390244,5.146341463414634,13.902439024390244,19.804878048780488,0.4878048780487805,104.40975609756099,104.09268292682927,0.3539860424239866,0.23782401043878806,3.6173687709436066,161.97793074681613,159.52955568202526,2.4483750647908513,0.5272334147099849,0.5602089488577539,137.35162601626018,41,21,41,0.5121951219512195
NYK,2022-23,106.82926829268293,101.60975609756098,5.219512195121951,0.4598048780487805,0.3678292682926829,0.7637560975609756,42.0,24.146341463414632,8.487804878048781,5.463414634146342,13.804878048780488,19.390243902439025,0.6390243902439025,107.78048780487805,101.80000000000001,0.2981291855593373,0.40876710232973923,6.565846266896482,164.34837145437345,155.47637407307627,8.871997381297154,0.5571931953006265,0.5707331365020679,137.8089430894309,41,25,41,0.6097560975609756
NYK,2023-24,107.36585365853658,105.60975609756098,1.7560975609756098,0.4558536585365854,0.3715121951219512,0.7585853658536585,41.46341463414634,23.26829268292683,8.682926829268293,4.829268292682927,12.829268292682928,20.21951219512195,0.4487804878048781,106.67317073170733,105.34634146341463,0.17476216824363014,0.19899791816747944,2.4464354174402505,172.44659463297214,169.69713375394616,2.7494608790259836,0.5746857771608604,0.5845890701205223,133.13617886178864,41,19,41,0.4634146341463415
NYK,2024-25,115.86746987951807,111.6867469879518,4.180722891566265,49.05897435897436,36.71153846153846,80.1076923076923,42.62820512820513,27.615384615384617,,,,,0.619277108433735,115.71084337349397,111.64578313253013,0.3436694950914581,0.28046236895528665,4.98222236919576,,,,0.5274581509219652,0.5577041523263931,,83,52,83,0.6265060240963856
NYK,2025-26,116.27906976744185,110.01162790697674,6.267441860465116,47.454054054054055,38.505405405405405,80.8027027027027,46.0,27.027027027027028,,,,,0.6511627906976745,116.43953488372092,110.06511627906977,0.4185200799693104,0.21606916999629916,5.998147408858743,,,,0.2402931925554748,0.25549384547006093,,86,55,86,0.6395348837209303
OKC,2019-20,105.82926829268293,104.6829268292683,1.146341463414634,0.46514634146341466,0.36921951219512195,0.7743658536585366,42.46341463414634,24.73170731707317,8.414634146341463,5.0,14.75609756097561,20.048780487804876,0.5597560975609756,105.61869918699188,104.62560975609755,0.432695888765018,0.2360784202247617,4.0281010863471,173.08328591385472,171.87373779783212,1.2095481160226034,0.5646059792359767,0.588445384122939,130.76829268292684,41,23,41,0.5609756097560976
OKC,2020-21,102.21951219512195,103.60975609756098,-1.3902439024390243,0.4545365853658536,0.3747560975609756,0.7607804878048781,40.048780487804876,24.146341463414632,8.390243902439025,4.560975609756097,13.609756097560975,20.048780487804876,0.5707317073170731,102.78048780487805,103.54146341463414,0.19930797308251846,0.2515089585211536,-3.114238382943222,150.70889907276964,153.45282143812054,-2.7439223653509157,0.540558363961714,0.5382797915274421,143.84552845528455,41,22,41,0.5365853658536586
OKC,2021-22,104.6829268292683,107.48780487804878,-2.8048780487804876,0.4630975609756097,0.3668780487804878,0.7716585365853659,40.09756097560975,24.24390243902439,8.487804878048781,5.341463414634147,14.170731707317072,20.26829268292683,0.40487804878048783,104.74634146341464,107.45365853658538,0.3427144155010969,0.2506675235333772,3.901809098389423,166.68144290647518,171.2901043985614,-4.608661492086198,0.589158652540346,0.5839443218005618,133.98170731707316,41,16,41,0.3902439024390244
OKC,2022-23,106.78048780487805,105.8048780487805,0.975609756097561,0.47058536585365857,0.369390243902439,0.765,42.41463414634146,24.48780487804878,8.463414634146341,4.975609756097561,13.341463414634147,19.75609756097561,0.5073170731707317,106.58536585365853,105.83902439024389,0.17846987149543217,0.33279904000284577,0.9944746840126608,169.203658038363,167.41389519280776,1.7897628455552683,0.5474238993124652,0.576130663344744,133.85569105691056,41,22,41,0.5365853658536586
OKC,2023-24,107.60975609756098,104.41463414634147,3.1951219512195124,0.46417073170731704,0.3709512195121951,0.7727317073170732,41.68292682926829,23.70731707317073,7.780487804878049,4.2439024390243905,13.878048780487806,19.463414634146343,0.6000000000000001,107.86829268292684,104.09268292682927,0.3257576083418038,0.33391220974566893,7.038116725836994,173.14847800914694,167.77983636075516,5.368641648391803,0.5651273102076431,0.5904675287380986,133.26626016260164,41,24,41,0.5853658536585366
OKC,2024-25,120.1547619047619,107.17857142857143,12.976190476190476,48.22405063291139,37.48607594936709,82.00759493670887,44.835443037974684,27.0,,,,,0.8047619047619047,119.48571428571428,107.62380952380951,0.44669839158704777,0.3760367843366906,12.481357703493895,,,,0.5277786647710884,0.5583219753119171,,84,69,84,0.8214285714285714
OKC,2025-26,119.03571428571429,107.58333333333333,11.452380952380953,48.85945945945946,35.85945945945946,84.21891891891892,44.08108108108108,25.62162162162162,,,,,0.7928571428571428,119.3547619047619,107.29047619047618,0.45975217792676387,0.38666800450841066,12.655007766368986,,,,0.2476498995012617,0.26595481419477746,,84,66,84,0.7857142857142857
ORL,2019-20,105.41463414634147,107.34146341463415,-1.9268292682926829,0.45902439024390246,0.3736341463414634,0.7670975609756098,41.146341463414636,23.121951219512194,8.097560975609756,5.195121951219512,14.268292682926829,20.29268292682927,0.43211382113821145,105.28252032520325,106.86463414634146,0.3490840084219606,0.0793510902540201,-1.6413215342536895,165.06152038436943,167.83222610801758,-2.770705723648148,0.5675372974187046,0.5728981160744563,137.40040650406505,41,17,41,0.4146341463414634
ORL,2020-21,105.78048780487805,104.73170731707317,1.048780487804878,0.4634634146341463,0.3735121951219512,0.7574146341463415,40.41463414634146,23.658536585365855,8.146341463414634,5.219512195121951,14.024390243902438,19.29268292682927,0.4731707317073171,105.12682926829268,104.94146341463416,0.17942882480185204,0.2326123234889228,-2.483999962352805,164.61619390350336,162.22744920796512,2.3887446955382137,0.5759289816012241,0.5781132662642445,136.6239837398374,41,20,41,0.4878048780487805
ORL,2021-22,102.63414634146342,101.7560975609756,0.8780487804878049,0.4588780487804878,0.37221951219512195,0.7659756097560976,42.78048780487805,24.48780487804878,8.853658536585366,5.365853658536586,14.268292682926829,19.829268292682926,0.4634146341463415,102.77073170731708,101.7560975609756,0.29906522770291655,0.1564184002670373,2.4076205898845564,162.70696380870265,161.31119870881508,1.3957650998875575,0.5528554425600891,0.5558489161651452,134.34146341463415,41,19,41,0.4634146341463415
ORL,2022-23,102.95121951219512,104.29268292682927,-1.3414634146341464,0.46151219512195124,0.37621951219512195,0.7654146341463415,41.707317073170735,24.804878048780488,8.536585365853659,5.390243902439025,14.731707317073171,19.70731707317073,0.4292682926829269,103.13658536585366,104.5951219512195,0.07049698269210464,0.31735291820063427,0.7702204884526161,161.983685091175,164.1303752852436,-2.146690194068594,0.5751992290831086,0.5627221132478346,135.66056910569108,41,18,41,0.43902439024390244
ORL,2023-24,107.70731707317073,103.53658536585365,4.170731707317073,0.46690243902439027,0.36456097560975614,0.766,39.90243902439025,24.926829268292682,9.121951219512194,5.7560975609756095,13.463414634146341,20.024390243902438,0.7170731707317073,107.65853658536585,103.60000000000001,0.36652313123360997,0.3222117691809227,2.273943034535836,163.64905831819286,157.4878871464809,6.161171171711966,0.5576423236701084,0.5786081170072905,140.14430894308944,41,29,41,0.7073170731707317
ORL,2024-25,105.36904761904762,105.39285714285714,-0.023809523809523808,44.447500000000005,31.722500000000004,77.2525,42.0875,22.975,,,,,0.4976190476190477,105.36190476190475,105.39761904761905,0.36295668430881295,0.19536484322652456,1.2859057712565989,,,,0.48577351795684126,0.5224642858756331,,84,42,84,0.5
ORL,2025-26,115.16279069767442,114.38372093023256,0.7790697674418605,47.097297297297295,33.7972972972973,78.67027027027028,44.729729729729726,26.45945945945946,,,,,0.5441860465116278,115.24651162790698,114.52790697674418,0.3125311550761384,0.21322061200598985,0.9851222202924415,,,,0.22963569765904498,0.2486525523893437,,86,47,86,0.5465116279069767
PHI,2019-20,106.1219512195122,105.3170731707317,0.8048780487804879,0.4604390243902439,0.3616341463414634,0.7597560975609756,38.97560975609756,23.951219512195124,8.146341463414634,4.487804878048781,14.146341463414634,19.926829268292682,0.5223577235772358,106.02357723577235,104.23008130081301,0.2661313292788412,0.29359089294338103,2.182525084343588,158.31337071617273,157.07039748407,1.2429732321026994,0.5614206560201366,0.5725371723813056,143.02032520325204,41,20,41,0.4878048780487805
PHI,2020-21,105.4390243902439,107.04878048780488,-1.6097560975609757,0.463390243902439,0.37290243902439024,0.7641951219512195,41.26829268292683,23.951219512195124,8.487804878048781,4.609756097560975,13.853658536585366,19.975609756097562,0.39512195121951216,106.2439024390244,107.54634146341462,0.28491275881209527,0.15542099379975993,-1.6789296115011578,168.1165854909956,169.99658803634324,-1.8800025453476235,0.5725584804626896,0.5785712107723684,134.20934959349592,41,16,41,0.3902439024390244
PHI,2021-22,106.97560975609755,105.02439024390245,1.951219512195122,0.45517073170731703,0.373390243902439,0.7557560975609756,40.26829268292683,22.853658536585368,8.536585365853659,5.195121951219512,14.24390243902439,19.317073170731707,0.5804878048780489,106.80000000000001,105.5609756097561,0.471572424009618,0.16924633631950703,3.1520432292839495,165.52334308727112,162.76771493948766,2.755628147783467,0.5643469208921651,0.5820534338227892,137.9369918699187,41,25,41,0.6097560975609756
PHI,2022-23,108.09756097560975,101.07317073170732,7.024390243902439,0.45995121951219514,0.37297560975609756,0.7638048780487805,41.51219512195122,23.121951219512194,8.682926829268293,4.682926829268292,14.390243902439025,19.341463414634145,0.6487804878048781,107.52682926829269,101.11707317073171,0.27466574627433193,0.43301991591182104,7.360964742628396,168.41978582717283,158.25822684660412,10.161558980568724,0.5873648631623396,0.5887130118411346,136.34756097560975,41,27,41,0.6585365853658537
PHI,2023-24,107.48780487804878,101.60975609756098,5.878048780487805,0.4670975609756097,0.36302439024390243,0.7510243902439024,41.58536585365854,23.73170731707317,8.195121951219512,4.951219512195122,13.78048780487805,19.73170731707317,0.7268292682926829,107.68780487804878,101.97073170731707,0.3170094597650665,0.3377102484215676,3.546822591672211,170.28413361492136,160.48222897467022,9.801904640251106,0.5624626460640876,0.5861030810640009,134.84959349593495,41,30,41,0.7317073170731707
PHI,2024-25,109.4074074074074,115.80246913580247,-6.395061728395062,45.275999999999996,33.394666666666666,78.57066666666667,40.10666666666667,23.066666666666666,,,,,0.3037037037037037,109.3679012345679,115.07407407407408,0.14390193854549385,0.17065636419523036,-5.549403762583786,,,,0.48522799507988634,0.5200073735665521,,81,23,81,0.2839506172839506
PHI,2025-26,115.44705882352942,115.69411764705882,-0.24705882352941178,45.86764705882353,36.21764705882353,81.53235294117647,44.11764705882353,25.205882352941178,,,,,0.5411764705882353,115.50823529411765,115.99058823529413,0.2791464928034899,0.31000700636165296,1.0158800451211587,,,,0.2136927721586892,0.23084227926237247,,85,47,85,0.5529411764705883
PHO,2019-20,104.60975609756098,102.53658536585365,2.073170731707317,0.4587317073170732,0.3696829268292683,0.7700243902439025,41.53658536585366,23.5609756097561,8.195121951219512,5.146341463414634,14.487804878048781,19.853658536585368,0.532520325203252,103.71666666666667,103.14268292682928,0.2692760717849444,0.26133632250354294,-0.7856352182410089,163.15948938368604,159.97631816012273,3.1831712235633134,0.552796089718657,0.5682501256530958,136.6686991869919,41,23,41,0.5609756097560976
PHO,2020-21,108.1219512195122,104.8048780487805,3.317073170731707,0.46048780487804875,0.3721951219512195,0.7658048780487805,39.707317073170735,24.48780487804878,8.853658536585366,4.926829268292683,14.121951219512194,21.170731707317074,0.624390243902439,108.20487804878047,104.13170731707316,0.27494134479361293,0.24036187389845926,2.0519111030907844,163.57924659254533,157.98023973783202,5.599006854713299,0.5657668883474726,0.5853116002314739,140.1768292682927,41,25,41,0.6097560975609756
PHO,2021-22,105.8048780487805,107.8780487804878,-2.073170731707317,0.46490243902439027,0.371609756097561,0.7644878048780488,41.19512195121951,23.75609756097561,7.926829268292683,4.902439024390244,13.609756097560975,20.024390243902438,0.4292682926829269,105.76097560975609,108.00975609756097,0.09110198744345085,0.3544704966740234,-1.771136966448682,172.55975530880028,175.84859789533016,-3.2888425865298996,0.58636568007499,0.5890984822089753,130.8658536585366,41,18,41,0.43902439024390244
PHO,2022-23,102.675,103.85,-1.175,0.46685,0.378075,0.7541749999999999,41.2,23.05,7.5,4.775,14.125,20.6,0.40499999999999997,102.83,104.25999999999999,0.3925622176754984,0.06237474331224331,1.0174473718792227,163.26972671029048,165.62820971450168,-2.3584830042112137,0.5793318977987345,0.5640118145666855,135.00833333333333,40,17,40,0.425
PHO,2023-24,106.46341463414635,103.85365853658537,2.6097560975609757,0.465,0.3668048780487805,0.7590243902439024,41.48780487804878,23.658536585365855,8.75609756097561,4.975609756097561,14.170731707317072,20.073170731707318,0.526829268292683,106.49268292682926,103.94634146341464,0.11969023722969203,0.2614905569061415,-0.22853967984886,166.76825232383194,163.15842997585722,3.60982234797474,0.5536307853277828,0.5791313950731457,135.6341463414634,41,21,41,0.5121951219512195
PHO,2024-25,113.61728395061728,116.75308641975309,-3.1358024691358026,47.404,37.437333333333335,80.98400000000001,42.8,27.546666666666667,,,,,0.4419753086419754,113.62716049382715,116.4074074074074,0.32700066518074555,0.2162437094391344,-1.048667641628537,,,,0.5157860295851642,0.5477422154144941,,81,35,81,0.43209876543209874
PHO,2025-26,112.13953488372093,111.17441860465117,0.9651162790697675,46.62162162162162,36.35945945945946,78.74054054054054,43.45945945945946,25.35135135135135,,,,,0.5372093023255814,112.25581395348837,111.1046511627907,0.34163164227011233,0.2168700225524194,1.105872940028864,,,,0.2349207517475003,0.24898488433389435,,86,46,86,0.5348837209302325
POR,2019-20,105.60975609756098,105.17073170731707,0.43902439024390244,0.4607317073170732,0.3703170731707317,0.7653170731707317,41.31707317073171,23.975609756097562,8.024390243902438,5.121951219512195,14.024390243902438,19.121951219512194,0.5052845528455284,105.86260162601626,106.38130081300812,0.2954029572875378,0.2508990031464169,0.03496886042472517,170.79255490131175,169.4760635451979,1.3164913561138711,0.5821897344622404,0.5823244424729513,133.21138211382114,41,21,41,0.5121951219512195
POR,2020-21,103.97560975609755,103.14634146341463,0.8292682926829268,0.44734146341463416,0.36953658536585365,0.7656341463414634,40.02439024390244,24.4390243902439,8.024390243902438,5.2926829268292686,13.682926829268293,19.024390243902438,0.6146341463414634,104.81463414634146,102.26341463414634,0.39747240168547243,0.25865455682528854,2.7649080294693817,156.13450842907264,154.91575211445044,1.2187563146221747,0.5525772257087768,0.5593835708088953,140.32926829268294,41,24,41,0.5853658536585366
POR,2021-22,107.2439024390244,104.65853658536585,2.5853658536585367,0.45836585365853655,0.37017073170731707,0.7749512195121951,41.609756097560975,24.73170731707317,8.268292682926829,5.024390243902439,13.317073170731707,19.585365853658537,0.4926829268292683,106.77073170731708,105.7170731707317,0.17204548997949287,0.17094008616104786,-1.7321334733155047,171.4017843474115,166.9749098405549,4.426874506856618,0.565778313783942,0.5846778061742897,132.85365853658536,41,21,41,0.5121951219512195
POR,2022-23,105.1951219512195,105.02439024390245,0.17073170731707318,0.4546585365853658,0.36973170731707317,0.7626829268292683,42.78048780487805,23.902439024390244,8.268292682926829,5.0,14.195121951219512,20.121951219512194,0.5024390243902439,105.66829268292682,104.15121951219511,0.18947529634401944,0.332214514520343,1.143888193254636,165.10452682201736,164.96141480700368,0.1431120150136852,0.5471338770598843,0.5619311812944852,137.08333333333334,41,20,41,0.4878048780487805
POR,2023-24,105.425,107.675,-2.25,0.46247499999999997,0.36385,0.76325,40.45,25.075,9.0,4.65,13.925,20.75,0.4,104.915,107.8,0.11469835719835719,0.32311291755922594,-0.07647289780876734,160.69075665268923,164.49701383805058,-3.8062571853613543,0.5803528442327593,0.5681805588376968,139.13333333333333,40,16,40,0.4
POR,2024-25,111.04938271604938,113.80246913580247,-2.753086419753086,45.35769230769231,34.6448717948718,76.1923076923077,44.58974358974359,23.974358974358974,,,,,0.4419753086419754,111.079012345679,113.91604938271605,0.22604202930778858,0.15302598537460005,-6.7563917936928135,,,,0.5067916525658086,0.5400337069694876,,81,36,81,0.4444444444444444
POR,2025-26,115.14117647058823,115.49411764705883,-0.35294117647058826,44.97027027027027,34.035135135135135,77.60810810810811,45.513513513513516,24.83783783783784,,,,,0.5129411764705882,115.1364705882353,115.3364705882353,0.23640446784492966,0.22154747997668153,-1.5631910218547502,,,,0.22961221090490527,0.2477877885610617,,85,44,85,0.5176470588235295
SA,2024-25,113.72839506172839,116.54320987654322,-2.814814814814815,46.49324324324324,35.79054054054054,77.66756756756756,43.689189189189186,28.45945945945946,,,,,0.39855967078189297,113.57942386831274,116.50020576131686,0.29256350441428697,0.16114411622870467,-1.6446918686584666,,,,0.4969788520226122,0.5261445796307641,,81,33,81,0.4074074074074074
SA,2025-26,119.44705882352942,111.44705882352942,8.0,47.74473684210526,35.06315789473685,79.8078947368421,46.44736842105263,26.0,,,,,0.7458823529411764,119.49176470588235,111.61882352941177,0.39804886318115057,0.3276851316946364,7.024010183589858,,,,0.24596163500673002,0.264003305467996,,85,63,85,0.7411764705882353
SAC,2019-20,104.0,103.4390243902439,0.5609756097560976,0.4644390243902439,0.37178048780487805,0.7654878048780487,41.97560975609756,23.51219512195122,8.097560975609756,4.902439024390244,14.268292682926829,20.048780487804876,0.525609756097561,104.2560975609756,103.13048780487806,0.1913136998502852,0.4328390001767323,4.045362286900828,166.93680477770434,167.32462684977892,-0.3878220720745903,0.5680054647234646,0.569824728871779,133.39430894308944,41,21,41,0.5121951219512195
SAC,2020-21,105.78048780487805,108.34146341463415,-2.5609756097560976,0.4586829268292683,0.37726829268292683,0.7733170731707317,41.1219512195122,23.878048780487806,8.292682926829269,5.2926829268292686,14.390243902439025,19.902439024390244,0.424390243902439,105.42439024390244,107.3170731707317,0.1198179834928864,0.24187982231382515,-3.8073830903892567,161.746321272704,166.52507243713933,-4.778751164435355,0.5636909865171001,0.5714000323793669,137.92073170731706,41,16,41,0.3902439024390244
SAC,2021-22,106.41463414634147,107.29268292682927,-0.8780487804878049,0.4569512195121951,0.3682682926829268,0.7688292682926829,40.53658536585366,24.658536585365855,8.512195121951219,4.829268292682927,14.536585365853659,20.48780487804878,0.4634146341463415,106.30243902439024,108.02926829268293,0.24744832847604123,0.25219522898674146,-2.102954544383645,165.96597660608853,166.59179892810593,-0.6258223220173947,0.5562555052407181,0.5835600410825202,137.73373983739836,41,20,41,0.4878048780487805
SAC,2022-23,107.41463414634147,105.41463414634147,2.0,0.46831707317073173,0.3691219512195122,0.7427073170731707,40.34146341463415,24.585365853658537,8.878048780487806,5.048780487804878,13.414634146341463,20.463414634146343,0.5121951219512195,107.64878048780488,104.89756097560976,0.302364821197412,0.28027607874602517,5.072612725304201,166.24458012718083,162.74297762840348,3.5016024987773484,0.5466870403955826,0.580636684554386,138.35365853658536,41,20,41,0.4878048780487805
SAC,2023-24,107.02439024390245,105.95121951219512,1.0731707317073171,0.46051219512195124,0.3693658536585366,0.758609756097561,42.4390243902439,23.926829268292682,8.170731707317072,5.560975609756097,14.268292682926829,20.853658536585368,0.5414634146341464,106.6829268292683,106.31219512195122,0.327126076139706,0.298724859526136,1.1420814875271232,171.06932896308302,168.85369305194848,2.2156359111345325,0.5962950393490295,0.5847975070436195,132.7560975609756,41,23,41,0.5609756097560976
SAC,2024-25,115.64634146341463,115.46341463414635,0.18292682926829268,47.91842105263158,35.925000000000004,80.98947368421052,44.14473684210526,26.44736842105263,,,,,0.4780487804878049,115.73170731707317,115.3780487804878,0.23880867724197363,0.24463317584576957,1.595206032496661,,,,0.5098191482929645,0.5420175225690052,,82,39,82,0.47560975609756095
SAC,2025-26,111.0,121.0,-10.0,45.84594594594594,34.15405405405406,74.98378378378379,40.729729729729726,25.0,,,,,0.2682926829268293,110.8439024390244,120.7560975609756,0.18168830902846103,0.07377343271098732,-9.960468329348217,,,,0.23325320872840713,0.24922178641069614,,82,22,82,0.2682926829268293
SAS,2019-20,103.02439024390245,103.53658536585365,-0.5121951219512195,0.4618048780487805,0.3662439024390244,0.7621219512195122,40.48780487804878,23.4390243902439,8.414634146341463,4.878048780487805,14.024390243902438,19.585365853658537,0.43902439024390244,102.44999999999999,102.81585365853658,0.13293646215095284,0.1678371518433454,-3.4920190847476458,159.4786116902119,160.33991146885543,-0.8612997786435594,0.5582789380767191,0.5633795181178188,136.4918699186992,41,19,41,0.4634146341463415
SAS,2020-21,103.41463414634147,104.04878048780488,-0.6341463414634146,0.4669512195121951,0.3781707317073171,0.7537317073170732,42.073170731707314,23.804878048780488,8.487804878048781,4.975609756097561,14.121951219512194,20.341463414634145,0.5365853658536586,103.69756097560976,103.96097560975609,0.2279853057830102,0.3464020083131,-0.918976509692988,168.56445178472603,171.19940142910033,-2.634949644374303,0.591108780913769,0.5739570662546859,130.34756097560975,41,21,41,0.5121951219512195
SAS,2021-22,105.51219512195122,105.8048780487805,-0.2926829268292683,0.46146341463414636,0.3691951219512195,0.7573414634146342,41.90243902439025,23.634146341463413,8.0,5.2682926829268295,14.21951219512195,20.0,0.4926829268292683,104.8780487804878,106.2439024390244,0.2632565123310029,0.15549163095791502,0.17328763550328247,159.42813541007766,160.00672066962565,-0.578585259547975,0.5441379865953413,0.5563113295136114,140.8069105691057,41,22,41,0.5365853658536586
SAS,2022-23,105.82926829268293,108.17073170731707,-2.341463414634146,0.456,0.3655121951219512,0.7658536585365854,39.26829268292683,23.341463414634145,8.463414634146341,5.195121951219512,14.390243902439025,19.463414634146343,0.4878048780487805,105.94146341463416,107.5951219512195,0.23231951101580342,0.2866152904333452,0.05489646168240756,155.96171990971436,160.070143277433,-4.108423367718629,0.5582892888742877,0.5656804328447773,144.2418699186992,41,19,41,0.4634146341463415
SAS,2023-24,106.0,105.6829268292683,0.3170731707317073,0.45414634146341465,0.3672439024390244,0.765341463414634,40.24390243902439,24.536585365853657,8.853658536585366,5.048780487804878,13.902439024390244,19.804878048780488,0.4585365853658537,106.57560975609756,106.29756097560976,0.21685634951605653,0.19114347837635612,0.4071737165017749,168.5456810821725,167.6506581952515,0.8950228869210076,0.5749366826994117,0.5879108095486475,134.3028455284553,41,18,41,0.43902439024390244
TOR,2019-20,104.7560975609756,105.53658536585365,-0.7804878048780488,0.4614390243902439,0.36346341463414633,0.7740487804878049,41.073170731707314,24.804878048780488,8.365853658536585,5.487804878048781,13.975609756097562,20.317073170731707,0.4947154471544716,104.96585365853659,105.40650406504066,0.22825003557589107,0.18523514585207554,-1.7174104061465816,165.84203229084167,168.28332391932088,-2.44129162847917,0.5659856921689824,0.5731235960858532,135.5650406504065,41,20,41,0.4878048780487805
TOR,2020-21,104.85365853658537,106.3170731707317,-1.4634146341463414,0.45646341463414636,0.36534146341463414,0.7578048780487805,41.829268292682926,23.5609756097561,8.536585365853659,5.609756097560975,13.097560975609756,20.24390243902439,0.36585365853658536,104.88292682926829,106.54146341463414,0.22631158179893526,0.19848939917089126,0.3024202499415761,166.34534962552542,169.28828687370876,-2.942937248183333,0.5586929193982122,0.5657738947652374,133.60569105691056,41,15,41,0.36585365853658536
TOR,2021-22,104.53658536585365,103.97560975609755,0.5609756097560976,0.4525365853658536,0.3722682926829268,0.7573414634146342,42.0,23.902439024390244,8.682926829268293,5.2439024390243905,13.463414634146341,19.414634146341463,0.5804878048780489,104.55121951219513,103.35121951219512,0.2533255563686735,0.40141149867609127,3.3906606960058525,163.5995670570417,162.28926105313496,1.3103060039067618,0.5641943495991886,0.5612895717632179,135.9268292682927,41,24,41,0.5853658536585366
TOR,2022-23,105.4390243902439,104.21951219512195,1.2195121951219512,0.4522926829268293,0.36785365853658536,0.7467317073170732,41.146341463414636,23.170731707317074,9.24390243902439,5.170731707317073,14.341463414634147,19.658536585365855,0.4487804878048781,105.14146341463415,104.7560975609756,0.13907041101313547,0.2104562330870569,-2.9469540004250905,164.9640539871551,161.68315001807102,3.2809039690840875,0.5807784843328394,0.5756699521680242,136.96341463414635,41,19,41,0.4634146341463415
TOR,2023-24,103.60975609756098,104.7560975609756,-1.146341463414634,0.46156097560975606,0.3759512195121951,0.7690975609756098,41.048780487804876,23.926829268292682,8.317073170731707,4.7560975609756095,14.512195121951219,19.29268292682927,0.575609756097561,104.44390243902438,104.61463414634146,0.39517605755985996,0.24657618803960268,2.215423269122869,166.6348379185478,168.5150545440123,-1.8802166254645043,0.5691546166747302,0.5795763544302939,132.4430894308943,41,23,41,0.5609756097560976
TOR,2024-25,110.82716049382717,115.06172839506173,-4.234567901234568,46.21184210526316,35.06578947368421,74.37894736842105,45.421052631578945,28.44736842105263,,,,,0.37777777777777777,110.3851851851852,114.7753086419753,0.21058600488766366,0.0680382045387116,-6.197928695175472,,,,0.49439192366380375,0.5223753691663187,,81,30,81,0.37037037037037035
TOR,2025-26,114.34117647058824,111.8,2.541176470588235,47.410810810810815,34.535135135135135,77.15405405405404,43.432432432432435,29.2972972972973,,,,,0.548235294117647,114.5035294117647,112.03294117647059,0.27491461410498486,0.30178949482977113,2.4388360542943706,,,,0.23513589299423684,0.24918034446360485,,85,47,85,0.5529411764705883
UTA,2019-20,102.17073170731707,105.95121951219512,-3.7804878048780486,0.4584878048780488,0.36914634146341463,0.7573658536585366,40.4390243902439,23.975609756097562,8.439024390243903,4.829268292682927,13.926829268292684,19.829268292682926,0.3182926829268293,101.7780487804878,106.04146341463414,0.15631372254399514,0.16786475906626339,-4.3921949836089365,159.59395717621965,166.29917648692623,-6.705219310706571,0.5783364451901741,0.5565709383214924,136.47764227642276,41,14,41,0.34146341463414637
UTA,2020-21,103.90243902439025,106.46341463414635,-2.5609756097560976,0.4630975609756098,0.36885365853658536,0.7618048780487805,40.8780487804878,23.975609756097562,8.707317073170731,5.439024390243903,13.21951219512195,19.658536585365855,0.4731707317073171,103.62439024390245,106.86341463414634,0.2605431811134824,0.2638380778737128,-3.4426609086468285,161.10766001003674,164.95832988132602,-3.8506698712893,0.5304545554824954,0.5580050298029852,137.5813008130081,41,20,41,0.4878048780487805
UTA,2021-22,108.07317073170732,107.78048780487805,0.2926829268292683,0.46178048780487807,0.3774878048780488,0.7741219512195122,40.31707317073171,24.0,8.75609756097561,5.146341463414634,14.292682926829269,20.0,0.4634146341463415,108.30243902439024,107.55121951219513,0.3660723212927249,0.0742493279078645,3.229294933375758,163.27345352317488,163.5924628407802,-0.31900931760530993,0.5617480955959695,0.580224982603105,141.47357723577235,41,19,41,0.4634146341463415
UTA,2022-23,106.95121951219512,103.8048780487805,3.1463414634146343,0.4623414634146341,0.37346341463414634,0.7742439024390244,42.048780487804876,23.414634146341463,8.560975609756097,4.560975609756097,13.853658536585366,20.609756097560975,0.6097560975609756,106.8048780487805,103.57073170731707,0.23425612328051354,0.4113649390075492,2.0401011406677196,167.05878090610807,162.35763587845793,4.701145027650121,0.5662196933480322,0.5732872556943646,136.880081300813,41,24,41,0.5853658536585366
UTA,2023-24,104.58536585365853,106.5609756097561,-1.975609756097561,0.4648780487804878,0.36585365853658536,0.760390243902439,41.0,24.21951219512195,8.170731707317072,5.024390243902439,14.341463414634147,19.585365853658537,0.4780487804878049,104.78536585365853,106.17560975609756,0.1328275403060195,0.18729370720713973,-6.089085052339546,161.57029180678757,164.0435778844889,-2.473286077701334,0.5661669309821276,0.5649861538181217,138.72764227642278,41,20,41,0.4878048780487805
UTAH,2024-25,111.96296296296296,121.32098765432099,-9.358024691358025,45.444736842105264,35.63026315789474,78.21710526315789,45.223684210526315,25.407894736842106,,,,,0.2049382716049383,111.88395061728396,121.18888888888888,0.09511851284190265,0.12299945516317244,-9.075107977624508,,,,0.5017652867779192,0.5346440115712042,,81,17,81,0.20987654320987653
UTAH,2025-26,117.58536585365853,126.01219512195122,-8.426829268292684,46.3,35.44857142857143,80.52571428571429,45.22857142857143,30.314285714285713,,,,,0.2658536585365854,117.33902439024389,126.0439024390244,0.22804143182698952,0.10752251187168388,-6.487729690273927,,,,0.23015703549986957,0.24891713458217563,,82,22,82,0.2682926829268293
WAS,2019-20,107.0,103.70731707317073,3.292682926829268,0.4586341463414634,0.35704878048780486,0.7584634146341463,42.97560975609756,23.536585365853657,8.560975609756097,4.536585365853658,14.097560975609756,19.70731707317073,0.5723577235772358,107.47357723577237,104.32235772357723,0.18804295423924663,0.35120380093951037,1.3843846840025074,171.47449971222662,166.46904255771486,5.005457154511768,0.5813625477343158,0.5783323022873202,133.6219512195122,41,24,41,0.5853658536585366
WAS,2020-21,104.7560975609756,102.58536585365853,2.1707317073170733,0.4647804878048781,0.3653658536585366,0.7723658536585366,40.853658536585364,23.975609756097562,8.585365853658537,4.439024390243903,14.073170731707316,20.609756097560975,0.5853658536585366,105.26341463414634,102.53170731707317,0.3380339812133968,0.2726494121381987,4.95917926618599,164.4890831136983,162.00766284362888,2.481420270069441,0.5553440663702529,0.5715310580979629,136.3109756097561,41,23,41,0.5609756097560976
WAS,2021-22,107.29268292682927,106.17073170731707,1.1219512195121952,0.45587804878048777,0.37270731707317073,0.7717804878048781,41.8780487804878,23.585365853658537,9.21951219512195,5.487804878048781,14.24390243902439,20.048780487804876,0.46829268292682924,107.09756097560975,105.64878048780488,0.2957328203146749,0.21065774034417845,2.923784663809629,173.83802814794657,172.2419834232252,1.5960447247213707,0.5960790365159824,0.5932896899944556,132.0731707317073,41,19,41,0.4634146341463415
WAS,2022-23,104.48780487804878,100.0,4.487804878048781,0.4644878048780488,0.3665609756097561,0.7671219512195121,39.4390243902439,23.390243902439025,8.24390243902439,5.2682926829268295,13.585365853658537,19.804878048780488,0.6439024390243903,104.59024390243901,100.8048780487805,0.45774064886582083,0.27786650819290704,7.349628778101841,161.94226657919563,154.53198172131928,7.410284857876369,0.5787639167809195,0.5733047684248249,137.1686991869919,41,27,41,0.6585365853658537
WAS,2023-24,106.82926829268293,104.51219512195122,2.317073170731707,0.45763414634146343,0.3623170731707317,0.766341463414634,42.36585365853659,23.853658536585368,8.707317073170731,4.7560975609756095,13.414634146341463,19.634146341463413,0.5365853658536586,106.2439024390244,104.19999999999999,0.29562596253686546,0.27729663131384796,2.3596427091383316,171.58364784157513,168.42927758419523,3.1543702573798913,0.5647931489352351,0.5844906442176947,131.5447154471545,41,22,41,0.5365853658536586
WSH,2024-25,107.93827160493827,120.69135802469135,-12.753086419753087,43.71842105263158,33.25657894736842,77.0078947368421,43.64473684210526,24.93421052631579,,,,,0.202880658436214,108.01728395061728,120.86707818930041,0.09681314894756994,0.08631865276305595,-13.59135479463558,,,,0.4775832320098524,0.5099947370083912,,81,17,81,0.20987654320987653
WSH,2025-26,112.90243902439025,124.8780487804878,-11.975609756097562,46.40277777777778,36.05,76.97777777777777,44.166666666666664,25.444444444444443,,,,,0.21707317073170732,112.69268292682926,124.5609756097561,0.1258234767585814,0.08816580728656853,-12.091537885593354,,,,0.23540869425268265,0.24994740730464687,,82,17,82,0.2073170731707317
